rule_version,tranche,evaluation_date,trade_date,code,name,sector,fill_price,quantity,gross_cost,fee,gross_cost_pct
v0.2,INITIAL,2024-12-30,2025-01-06,2586,フルッタフルッタ,食料品,120.000000,800,96000.00,144.00,0.960000
v0.2,INITIAL,2024-12-30,2025-01-06,5950,日本パワーファスニング,金属製品,392.000000,200,78400.00,117.60,0.784000
v0.2,INITIAL,2024-12-30,2025-01-06,7746,岡本硝子,精密機器,249.000000,400,99600.00,149.40,0.996000
v0.2,INITIAL,2024-12-30,2025-01-06,4416,Ｔｒｕｅ　Ｄａｔａ,情報･通信業,806.000000,100,80600.00,120.90,0.806000
v0.2,INITIAL,2024-12-30,2025-01-06,3807,フィスコ,情報･通信業,170.000000,500,85000.00,127.50,0.850000
v0.2,INITIAL,2024-12-30,2025-01-06,3529,アツギ,繊維製品,971.000000,100,97100.00,145.65,0.971000
v0.2,INITIAL,2024-12-30,2025-01-06,3825,リミックスポイント,小売業,351.000000,200,70200.00,105.30,0.702000
v0.2,INITIAL,2024-12-30,2025-01-06,5381,Ｍｉｐｏｘ,ガラス･土石製品,777.000000,100,77700.00,116.55,0.777000
v0.2,INITIAL,2024-12-30,2025-01-06,6240,ヤマシンフィルタ,機械,659.000000,100,65900.00,98.85,0.659000
v0.2,INITIAL,2024-12-30,2025-01-06,4902,コニカミノルタ,電気機器,665.400000,100,66540.00,99.81,0.665400
v0.2,INITIAL,2024-12-30,2025-01-06,1827,ナカノフドー建設,建設業,750.000000,100,75000.00,112.50,0.750000
v0.2,ADD_1,2025-03-31,2025-04-01,2586,フルッタフルッタ,食料品,153.000000,300,45900.00,68.85,0.459000
v0.2,ADD_1,2025-03-31,2025-04-01,5950,日本パワーファスニング,金属製品,242.000000,200,48400.00,72.60,0.484000
v0.2,ADD_1,2025-03-31,2025-04-01,7746,岡本硝子,精密機器,175.000000,200,35000.00,52.50,0.350000
v0.2,ADD_1,2025-03-31,2025-04-01,3807,フィスコ,情報･通信業,144.000000,300,43200.00,64.80,0.432000
v0.2,ADD_1,2025-03-31,2025-04-01,3825,リミックスポイント,小売業,414.000000,100,41400.00,62.10,0.414000
v0.2,ADD_2,2025-06-30,2025-07-01,2586,フルッタフルッタ,食料品,234.000000,200,46800.00,70.20,0.468000
v0.2,ADD_2,2025-06-30,2025-07-01,5950,日本パワーファスニング,金属製品,186.000000,200,37200.00,55.80,0.372000
v0.2,ADD_2,2025-06-30,2025-07-01,7746,岡本硝子,精密機器,158.000000,300,47400.00,71.10,0.474000
v0.2,ADD_2,2025-06-30,2025-07-01,3807,フィスコ,情報･通信業,157.000000,300,47100.00,70.65,0.471000
v0.2,ADD_2,2025-06-30,2025-07-01,4902,コニカミノルタ,電気機器,466.400000,100,46640.00,69.96,0.466400
v0.4,INITIAL,2024-12-30,2025-01-06,2586,フルッタフルッタ,食料品,120.000000,4100,492000.00,738.00,4.920000
v0.4,INITIAL,2024-12-30,2025-01-06,5950,日本パワーファスニング,金属製品,392.000000,1200,470400.00,705.60,4.704000
v0.4,INITIAL,2024-12-30,2025-01-06,7746,岡本硝子,精密機器,249.000000,2000,498000.00,747.00,4.980000
v0.4,INITIAL,2024-12-30,2025-01-06,4416,Ｔｒｕｅ　Ｄａｔａ,情報･通信業,806.000000,600,483600.00,725.40,4.836000
v0.4,INITIAL,2024-12-30,2025-01-06,3807,フィスコ,情報･通信業,170.000000,2900,493000.00,739.50,4.930000
v0.4,INITIAL,2024-12-30,2025-01-06,3529,アツギ,繊維製品,971.000000,500,485500.00,728.25,4.855000
v0.4,INITIAL,2024-12-30,2025-01-06,3565,アセンテック,卸売業,1010.000000,400,404000.00,606.00,4.040000
v0.4,INITIAL,2024-12-30,2025-01-06,3825,リミックスポイント,小売業,351.000000,1400,491400.00,737.10,4.914000
v0.4,INITIAL,2024-12-30,2025-01-06,5381,Ｍｉｐｏｘ,ガラス･土石製品,777.000000,600,466200.00,699.30,4.662000
v0.4,INITIAL,2024-12-30,2025-01-06,6240,ヤマシンフィルタ,機械,659.000000,700,461300.00,691.95,4.613000
v0.4,INITIAL,2024-12-30,2025-01-06,4902,コニカミノルタ,電気機器,665.400000,700,465780.00,698.67,4.657800
v0.4,INITIAL,2024-12-30,2025-01-06,1827,ナカノフドー建設,建設業,750.000000,600,450000.00,675.00,4.500000
v0.4,ADD_1,2025-03-31,2025-04-01,2586,フルッタフルッタ,食料品,153.000000,1600,244800.00,367.20,2.448000
v0.4,ADD_1,2025-03-31,2025-04-01,5950,日本パワーファスニング,金属製品,242.000000,1000,242000.00,363.00,2.420000
v0.4,ADD_1,2025-03-31,2025-04-01,7746,岡本硝子,精密機器,175.000000,1400,245000.00,367.50,2.450000
v0.4,ADD_1,2025-03-31,2025-04-01,4416,Ｔｒｕｅ　Ｄａｔａ,情報･通信業,702.000000,300,210600.00,315.90,2.106000
v0.4,ADD_1,2025-03-31,2025-04-01,3807,フィスコ,情報･通信業,144.000000,1700,244800.00,367.20,2.448000
v0.4,ADD_1,2025-03-31,2025-04-01,3529,アツギ,繊維製品,1107.000000,200,221400.00,332.10,2.214000
v0.4,ADD_1,2025-03-31,2025-04-01,3565,アセンテック,卸売業,1141.000000,200,228200.00,342.30,2.282000
v0.4,ADD_1,2025-03-31,2025-04-01,3825,リミックスポイント,小売業,414.000000,600,248400.00,372.60,2.484000
v0.4,ADD_1,2025-03-31,2025-04-01,5381,Ｍｉｐｏｘ,ガラス･土石製品,596.000000,400,238400.00,357.60,2.384000
v0.4,ADD_1,2025-03-31,2025-04-01,6240,ヤマシンフィルタ,機械,574.000000,400,229600.00,344.40,2.296000
v0.4,ADD_1,2025-03-31,2025-04-01,4902,コニカミノルタ,電気機器,507.800000,400,203120.00,304.68,2.031200
v0.4,ADD_1,2025-03-31,2025-04-01,1827,ナカノフドー建設,建設業,760.000000,300,228000.00,342.00,2.280000
v0.4,ADD_2,2025-06-30,2025-07-01,2586,フルッタフルッタ,食料品,234.000000,1000,234000.00,351.00,2.340000
v0.4,ADD_2,2025-06-30,2025-07-01,5950,日本パワーファスニング,金属製品,186.000000,1300,241800.00,362.70,2.418000
v0.4,ADD_2,2025-06-30,2025-07-01,7746,岡本硝子,精密機器,158.000000,1500,237000.00,355.50,2.370000
v0.4,ADD_2,2025-06-30,2025-07-01,4416,Ｔｒｕｅ　Ｄａｔａ,情報･通信業,950.000000,200,190000.00,285.00,1.900000
v0.4,ADD_2,2025-06-30,2025-07-01,3807,フィスコ,情報･通信業,157.000000,1500,235500.00,353.25,2.355000
v0.4,ADD_2,2025-06-30,2025-07-01,3529,アツギ,繊維製品,1250.000000,200,250000.00,375.00,2.500000
v0.4,ADD_2,2025-06-30,2025-07-01,3825,リミックスポイント,小売業,542.000000,200,108400.00,162.60,1.084000
