code,name,market,sector,price_start,price_end,data_quality,2y_qualified,2y_evaluation_date,2y_entry_date,2y_entry_close,2y_hit_date,2y_hit_close,2y_peak_date,2y_peak_close,2y_peak_multiple,2y_days_to_10x,2y_pre_hit_drawdown,2y_latest_date,2y_latest_close,2y_latest_multiple,2y_retained_10x,2y_lifetime_peak_date,2y_lifetime_peak_close,2y_lifetime_peak_multiple,2y_peak_to_latest_drawdown,2y_post_hit_low_multiple,2y_post_hit_max_drawdown,2y_fell_below_entry_after_hit,3y_qualified,3y_evaluation_date,3y_entry_date,3y_entry_close,3y_hit_date,3y_hit_close,3y_peak_date,3y_peak_close,3y_peak_multiple,3y_days_to_10x,3y_pre_hit_drawdown,3y_latest_date,3y_latest_close,3y_latest_multiple,3y_retained_10x,3y_lifetime_peak_date,3y_lifetime_peak_close,3y_lifetime_peak_multiple,3y_peak_to_latest_drawdown,3y_post_hit_low_multiple,3y_post_hit_max_drawdown,3y_fell_below_entry_after_hit
2471,エスプール,プライム（内国株式）,サービス業,2015-07-01,2026-08-28,ok,False,,,,,,,,,,,,,,,,,,,,,,True,2016-08-31,2016-09-01,50.040001,2019-04-26,503.0,2019-08-30,582.0,11.6307,967,-0.028,2026-08-28,291.0,5.8153,False,2022-04-26,1377.0,27.518,-0.7887,4.4764,-0.8373,False
2722,ＩＫホールディングス,スタンダード（内国株式）,小売業,2015-07-01,2026-08-28,ok,True,2016-08-31,2016-09-01,223.0,2017-10-31,2440.0,2017-11-30,3075.0,13.7892,425,-0.0078,2026-08-28,358.0,1.6054,False,2017-11-29,3150.0,14.1256,-0.8863,1.3363,-0.9054,False,True,2016-08-31,2016-09-01,223.0,2017-10-31,2440.0,2017-11-30,3075.0,13.7892,425,-0.0078,2026-08-28,358.0,1.6054,False,2017-11-29,3150.0,14.1256,-0.8863,1.3363,-0.9054,False
2930,北の達人コーポレーション,プライム（内国株式）,化学,2015-07-01,2026-08-28,ok,True,2016-08-31,2016-09-01,37.0,2017-12-29,485.0,2018-01-31,870.666687,23.5315,484,-0.0428,2026-08-28,133.0,3.5946,False,2018-04-11,1014.0,27.4054,-0.8688,3.0541,-0.8886,False,True,2016-08-31,2016-09-01,37.0,2017-12-29,485.0,2018-01-31,870.666687,23.5315,484,-0.0428,2026-08-28,133.0,3.5946,False,2018-04-11,1014.0,27.4054,-0.8688,3.0541,-0.8886,False
3053,ペッパーフードサービス,スタンダード（内国株式）,小売業,2015-07-01,2026-08-28,ok,True,2016-08-31,2016-09-01,502.0,2017-10-31,6680.0,2017-11-30,7040.0,14.0239,425,-0.001,2026-08-28,207.0,0.4124,False,2017-10-30,7840.0,15.6175,-0.9736,0.1733,-0.9882,True,True,2016-08-31,2016-09-01,502.0,2017-10-31,6680.0,2017-11-30,7040.0,14.0239,425,-0.001,2026-08-28,207.0,0.4124,False,2017-10-30,7840.0,15.6175,-0.9736,0.1733,-0.9882,True
3810,サイバーステップホールディングス,スタンダード（内国株式）,情報・通信業,2015-07-01,2026-08-28,ok,True,2016-08-31,2016-09-01,318.0,2017-06-30,6350.0,2017-06-30,6350.0,19.9686,302,-0.0346,2026-08-28,188.0,0.5912,False,2017-07-04,7450.0,23.4277,-0.9748,0.4245,-0.9819,True,True,2016-08-31,2016-09-01,318.0,2017-06-30,6350.0,2017-06-30,6350.0,19.9686,302,-0.0346,2026-08-28,188.0,0.5912,False,2017-07-04,7450.0,23.4277,-0.9748,0.4245,-0.9819,True
5304,ＳＥＣカーボン,スタンダード（内国株式）,ガラス・土石製品,2015-07-01,2026-08-28,ok,True,2016-09-30,2016-10-03,396.0,2018-09-28,4000.0,2018-09-28,4000.0,10.101,725,0.0,2026-08-28,2593.0,6.548,False,2018-10-01,4052.0,10.2323,-0.3601,2.4722,-0.7584,False,True,2016-08-31,2016-09-01,394.0,2018-09-28,4000.0,2018-09-28,4000.0,10.1523,757,-0.0051,2026-08-28,2593.0,6.5812,False,2018-10-01,4052.0,10.2843,-0.3601,2.4848,-0.7584,False
6240,ヤマシンフィルタ,プライム（内国株式）,機械,2015-07-01,2026-08-28,ok,True,2016-08-31,2016-09-01,95.199997,2017-11-30,1375.0,2018-01-31,1425.0,14.9685,455,0.0,2026-08-28,537.0,5.6408,False,2018-01-11,1552.0,16.3025,-0.654,3.0777,-0.8112,False,True,2016-08-31,2016-09-01,95.199997,2017-11-30,1375.0,2018-01-31,1425.0,14.9685,455,0.0,2026-08-28,537.0,5.6408,False,2018-01-11,1552.0,16.3025,-0.654,3.0777,-0.8112,False
6630,ヤーマン,プライム（内国株式）,電気機器,2015-07-01,2026-08-28,ok,True,2016-08-31,2016-09-01,231.399994,2018-03-30,2414.0,2018-05-31,2606.0,11.2619,575,0.0,2026-08-28,801.0,3.4615,False,2018-05-29,2743.0,11.8539,-0.708,1.7502,-0.8524,False,True,2016-08-31,2016-09-01,231.399994,2018-03-30,2414.0,2018-05-31,2606.0,11.2619,575,0.0,2026-08-28,801.0,3.4615,False,2018-05-29,2743.0,11.8539,-0.708,1.7502,-0.8524,False
8023,ＤＡＩＫＯ　ＸＴＥＣＨ,スタンダード（内国株式）,情報・通信業,2015-07-01,2026-08-28,ok,True,2016-08-31,2016-09-01,133.0,2017-10-31,1580.0,2017-11-30,1663.0,12.5038,425,0.0,2026-08-28,1038.0,7.8045,False,2017-11-30,1663.0,12.5038,-0.3758,2.8045,-0.7757,False,True,2016-08-31,2016-09-01,133.0,2017-10-31,1580.0,2017-11-30,1663.0,12.5038,425,0.0,2026-08-28,1038.0,7.8045,False,2017-11-30,1663.0,12.5038,-0.3758,2.8045,-0.7757,False
9820,エムティジェネックス,スタンダード（内国株式）,不動産業,2015-07-01,2026-08-28,ok,True,2016-08-31,2016-09-02,1320.0,2018-08-31,24700.0,2018-08-31,24700.0,18.7121,728,0.0,2026-08-28,3840.0,2.9091,False,2018-10-03,44050.0,33.3712,-0.9128,1.6659,-0.9501,False,True,2016-08-31,2016-09-02,1320.0,2018-08-31,24700.0,2018-09-28,38400.0,29.0909,728,0.0,2026-08-28,3840.0,2.9091,False,2018-10-03,44050.0,33.3712,-0.9128,1.6659,-0.9501,False
3825,リミックスポイント,スタンダード（内国株式）,小売業,2015-07-01,2026-08-28,ok,True,2016-10-31,2016-11-01,145.0,2017-06-30,1540.0,2018-05-31,1670.0,11.5172,241,-0.1034,2026-08-28,265.0,1.8276,False,2018-05-23,1792.0,12.3586,-0.8521,0.4759,-0.9615,True,True,2016-10-31,2016-11-01,145.0,2017-06-30,1540.0,2018-05-31,1670.0,11.5172,241,-0.1034,2026-08-28,265.0,1.8276,False,2018-05-23,1792.0,12.3586,-0.8521,0.4759,-0.9615,True
6035,アイ・アールジャパンホールディングス,スタンダード（内国株式）,サービス業,2015-07-01,2026-08-28,ok,True,2018-11-30,2018-12-03,1497.0,2020-11-30,16650.0,2020-11-30,16650.0,11.1222,728,-0.2432,2026-08-28,746.0,0.4983,False,2021-01-21,19170.0,12.8056,-0.9611,0.3721,-0.9709,True,True,2017-03-31,2017-04-03,616.5,2020-02-28,6490.0,2020-02-28,6490.0,10.5272,1061,-0.0998,2026-08-28,746.0,1.2101,False,2021-01-21,19170.0,31.0949,-0.9611,0.9035,-0.9709,True
6544,ジャパンエレベーターサービスホールディングス,プライム（内国株式）,サービス業,2017-03-21,2026-08-28,ok,False,,,,,,,,,,,,,,,,,,,,,,True,2017-03-31,2017-04-03,67.4375,2019-06-28,681.75,2019-10-31,733.75,10.8804,816,-0.0538,2026-08-28,1561.5,23.1548,True,2025-07-14,2122.5,31.4736,-0.2643,7.6256,-0.5786,False
6920,レーザーテック,プライム（内国株式）,電気機器,2015-07-01,2026-08-28,ok,True,2019-05-31,2019-06-03,1925.0,2021-04-30,19340.0,2021-05-31,20600.0,10.7013,697,-0.0481,2026-08-28,34640.0,17.9948,True,2026-06-22,57490.0,29.8649,-0.3975,5.4494,-0.7693,False,True,2017-04-28,2017-05-01,671.0,2020-04-30,7210.0,2020-04-30,7210.0,10.7452,1095,-0.0112,2026-08-28,34640.0,51.6244,True,2026-06-22,57490.0,85.6781,-0.3975,10.6259,-0.7693,False
4970,東洋合成工業,スタンダード（内国株式）,化学,2015-07-01,2026-08-28,ok,True,2018-12-28,2019-01-04,888.0,2020-10-30,10170.0,2020-12-30,11800.0,13.2883,665,-0.0293,2026-08-28,11460.0,12.9054,True,2021-11-17,19010.0,21.4077,-0.3972,4.6284,-0.7838,False,True,2017-05-31,2017-06-01,810.0,2020-05-29,8770.0,2020-05-29,8770.0,10.8272,1093,-0.0667,2026-08-28,11460.0,14.1481,True,2021-11-17,19010.0,23.4691,-0.3972,5.0741,-0.7838,False
6195,ホープ,グロース（内国株式）,サービス業,2016-06-15,2026-08-28,ok,True,2017-12-29,2018-01-04,288.0,2019-12-30,3220.0,2019-12-30,3220.0,11.1806,725,-0.2274,2026-08-28,203.0,0.7049,False,2020-11-10,7780.0,27.0139,-0.9739,0.4306,-0.9841,True,True,2017-08-31,2017-09-01,302.25,2019-12-30,3220.0,2020-08-31,5030.0,16.6419,850,-0.2639,2026-08-28,203.0,0.6716,False,2020-11-10,7780.0,25.7403,-0.9739,0.4103,-0.9841,True
4308,Ｊストリーム,グロース（内国株式）,情報・通信業,2015-07-01,2026-08-28,ok,True,2018-11-30,2018-12-03,267.5,2020-11-30,2925.0,2020-11-30,2925.0,10.9346,728,-0.3963,2026-08-28,361.0,1.3495,False,2021-01-25,3275.0,12.243,-0.8898,1.0393,-0.9151,False,True,2017-11-30,2017-12-01,250.0,2020-11-30,2925.0,2020-11-30,2925.0,11.7,1095,-0.354,2026-08-28,361.0,1.444,False,2021-01-25,3275.0,13.1,-0.8898,1.112,-0.9151,False
3998,すららネット,グロース（内国株式）,情報・通信業,2017-12-19,2026-08-28,ok,True,2019-05-31,2019-06-03,623.0,2020-09-30,6980.0,2020-09-30,6980.0,11.2039,485,-0.1717,2026-08-28,298.0,0.4783,False,2020-10-19,9100.0,14.6067,-0.9673,0.4623,-0.9684,True,True,2017-12-29,2018-01-04,696.0,2020-09-30,6980.0,2020-09-30,6980.0,10.0287,1000,-0.2586,2026-08-28,298.0,0.4282,False,2020-10-19,9100.0,13.0747,-0.9673,0.4138,-0.9684,True
9519,レノバ,プライム（内国株式）,電気・ガス業,2017-02-24,2026-08-28,ok,False,,,,,,,,,,,,,,,,,,,,,,True,2017-12-29,2018-01-04,297.0,2020-12-30,3960.0,2020-12-30,3960.0,13.3333,1091,-0.0067,2026-08-28,905.0,3.0471,False,2021-09-13,6130.0,20.6397,-0.8524,1.6397,-0.9206,False
3962,チェンジホールディングス,プライム（内国株式）,情報・通信業,2016-09-28,2026-08-28,ok,False,,,,,,,,,,,,,,,,,,,,,,True,2018-04-27,2018-05-01,405.0,2020-09-30,4190.0,2020-09-30,4190.0,10.3457,883,-0.0744,2026-08-28,1028.0,2.5383,False,2020-09-25,6185.0,15.2716,-0.8338,2.0444,-0.8293,False
6532,ベイカレント,プライム（内国株式）,サービス業,2016-09-02,2026-08-28,ok,True,2019-08-30,2019-09-02,469.5,2021-08-31,5470.0,2021-08-31,5470.0,11.6507,729,-0.1832,2026-08-28,8126.0,17.3078,True,2025-10-06,9075.0,19.3291,-0.1046,6.0351,-0.5745,False,True,2018-06-29,2018-07-02,355.5,2021-06-30,3990.0,2021-06-30,3990.0,11.2236,1094,-0.4219,2026-08-28,8126.0,22.8579,True,2025-10-06,9075.0,25.5274,-0.1046,7.9705,-0.5745,False
1407,ウエストホールディングス,スタンダード（内国株式）,建設業,2015-07-01,2026-08-28,ok,False,,,,,,,,,,,,,,,,,,,,,,True,2018-08-31,2018-09-03,462.130188,2021-07-30,4915.0,2021-07-30,4915.0,10.6355,1061,-0.0589,2026-08-28,2760.0,5.9723,False,2021-11-25,6740.0,14.5846,-0.5905,2.8866,-0.8021,False
7033,マネジメントソリューションズ,プライム（内国株式）,サービス業,2018-07-23,2026-08-28,ok,False,,,,,,,,,,,,,,,,,,,,,,True,2018-09-28,2018-10-01,303.555542,2021-09-30,3390.0,2021-09-30,3390.0,11.1676,1095,-0.0245,2026-08-28,1702.0,5.6069,False,2022-05-31,4990.0,16.4385,-0.6589,3.2646,-0.8014,False
3856,Ａｂａｌａｎｃｅ,スタンダード（内国株式）,電気機器,2015-07-01,2026-08-28,ok,True,2019-05-31,2019-06-03,173.0,2021-04-30,2050.0,2021-04-30,2050.0,11.8497,697,-0.1753,2026-08-28,211.0,1.2197,False,2023-05-16,13240.0,76.5318,-0.9841,1.2197,-0.9841,False,True,2018-10-31,2018-11-01,190.0,2021-04-30,2050.0,2021-07-30,2250.0,11.8421,911,-0.2842,2026-08-28,211.0,1.1105,False,2023-05-16,13240.0,69.6842,-0.9841,1.1105,-0.9841,False
3936,グローバルウェイ,グロース（内国株式）,情報・通信業,2016-04-20,2026-08-28,ok,True,2019-10-31,2019-11-01,52.266666,2021-10-29,1675.0,2021-10-29,1675.0,32.0472,728,-0.5185,2026-08-28,153.0,2.9273,False,2021-11-01,2025.0,38.7436,-0.9244,1.5689,-0.9595,False,True,2018-10-31,2018-11-01,88.333336,2021-10-29,1675.0,2021-10-29,1675.0,18.9623,1093,-0.7151,2026-08-28,153.0,1.7321,False,2021-11-01,2025.0,22.9245,-0.9244,0.9283,-0.9595,True
3377,バイク王＆カンパニー,スタンダード（内国株式）,卸売業,2015-07-01,2026-08-28,ok,True,2020-03-31,2020-04-01,137.0,2021-07-30,1424.0,2021-08-31,1747.0,12.7518,485,-0.0292,2026-08-28,396.0,2.8905,False,2021-09-09,1840.0,13.4307,-0.7848,2.5547,-0.8098,False,True,2018-12-28,2019-01-04,152.0,2021-08-31,1747.0,2021-08-31,1747.0,11.4934,970,-0.2237,2026-08-28,396.0,2.6053,False,2021-09-09,1840.0,12.1053,-0.7848,2.3026,-0.8098,False
6564,ミダックホールディングス,プライム（内国株式）,サービス業,2018-12-21,2026-08-28,ok,True,2019-07-31,2019-08-01,469.871796,2021-07-30,5130.0,2021-07-30,5130.0,10.9179,729,-0.1147,2026-08-28,2059.0,4.382,False,2021-09-24,6100.0,12.9823,-0.6625,2.5049,-0.807,False,True,2018-12-28,2019-01-04,271.153839,2021-05-31,3025.0,2021-10-29,5400.0,19.9149,878,0.0,2026-08-28,2059.0,7.5935,False,2021-09-24,6100.0,22.4965,-0.6625,4.3407,-0.807,False
6966,三井ハイテック,プライム（内国株式）,電気機器,2015-07-01,2026-08-28,ok,True,2020-03-31,2020-04-01,218.800003,2021-12-30,2254.0,2022-03-31,2490.0,11.3803,638,-0.0585,2026-08-28,947.0,4.3282,False,2022-04-01,2556.0,11.6819,-0.6295,2.3995,-0.7946,False,True,2018-12-28,2019-01-04,162.0,2021-10-29,1760.0,2021-12-30,2254.0,13.9136,1029,0.0,2026-08-28,947.0,5.8457,False,2022-04-01,2556.0,15.7778,-0.6295,3.2407,-0.7946,False
2158,ＦＲＯＮＴＥＯ,グロース（内国株式）,サービス業,2015-07-01,2026-08-28,ok,True,2019-12-30,2020-01-06,340.0,2021-11-30,3600.0,2021-11-30,3600.0,10.5882,694,-0.5294,2026-08-28,644.0,1.8941,False,2021-11-26,5300.0,15.5882,-0.8785,1.3382,-0.8736,False,True,2019-05-31,2019-06-03,336.0,2021-11-30,3600.0,2021-11-30,3600.0,10.7143,911,-0.5238,2026-08-28,644.0,1.9167,False,2021-11-26,5300.0,15.7738,-0.8785,1.3542,-0.8736,False
6338,タカトリ,スタンダード（内国株式）,機械,2015-07-01,2026-08-28,ok,True,2020-11-30,2020-12-01,567.0,2022-11-30,7750.0,2022-11-30,7750.0,13.6684,729,-0.03,2026-08-28,1653.0,2.9153,False,2022-12-16,8890.0,15.679,-0.8141,1.7337,-0.8894,False,True,2019-11-29,2019-12-02,615.0,2022-11-30,7750.0,2022-11-30,7750.0,12.6016,1094,-0.478,2026-08-28,1653.0,2.6878,False,2022-12-16,8890.0,14.4553,-0.8141,1.5984,-0.8894,False
7187,ジェイリース,プライム（内国株式）,その他金融業,2016-06-22,2026-08-28,ok,True,2020-03-31,2020-04-01,109.5,2021-10-29,1152.5,2021-10-29,1152.5,10.5251,576,-0.0822,2026-08-28,1375.0,12.5571,True,2025-08-25,1747.0,15.9543,-0.2129,6.3379,-0.4452,False,True,2020-02-28,2020-03-02,144.5,2022-11-30,1552.5,2022-11-30,1552.5,10.7439,1003,-0.308,2026-08-28,1375.0,9.5156,False,2025-08-25,1747.0,12.09,-0.2129,6.1073,-0.4316,False
2767,円谷フィールズホールディングス,プライム（内国株式）,卸売業,2015-07-01,2026-08-28,ok,True,2021-06-30,2021-07-01,239.0,2023-06-30,2987.0,2023-06-30,2987.0,12.4979,729,-0.0209,2026-08-28,2605.0,10.8996,True,2023-08-08,3340.0,13.9749,-0.2201,4.5649,-0.6734,False,True,2020-03-31,2020-04-01,141.5,2023-02-28,2085.0,2023-02-28,2085.0,14.735,1063,-0.0601,2026-08-28,2605.0,18.4099,True,2023-08-08,3340.0,23.6042,-0.2201,7.7102,-0.6734,False
3496,アズーム,プライム（内国株式）,不動産業,2018-09-20,2026-08-28,ok,False,,,,,,,,,,,,,,,,,,,,,,True,2020-03-31,2020-04-01,203.0,2022-08-31,2192.5,2023-03-31,3015.0,14.8522,882,-0.0209,2026-08-28,4995.0,24.6059,True,2025-11-14,5420.0,26.6995,-0.0784,9.5443,-0.5178,False
3663,セルシス,プライム（内国株式）,情報・通信業,2015-07-01,2026-08-28,ok,True,2020-03-31,2020-04-01,111.75,2021-10-29,1176.0,2021-10-29,1176.0,10.5235,576,-0.038,2026-08-28,1988.0,17.7897,True,2026-07-10,2053.0,18.3714,-0.0317,5.2975,-0.5144,False,True,2020-03-31,2020-04-01,111.75,2021-10-29,1176.0,2021-10-29,1176.0,10.5235,576,-0.038,2026-08-28,1988.0,17.7897,True,2026-07-10,2053.0,18.3714,-0.0317,5.2975,-0.5144,False
4393,バンク・オブ・イノベーション,グロース（内国株式）,情報・通信業,2018-07-24,2026-08-28,ok,False,,,,,,,,,,,,,,,,,,,,,,True,2020-03-31,2020-04-01,1350.0,2022-10-31,15250.0,2022-10-31,15250.0,11.2963,943,-0.0637,2026-08-28,5950.0,4.4074,False,2022-11-01,15800.0,11.7037,-0.6234,2.437,-0.7918,False
4477,ＢＡＳＥ,グロース（内国株式）,情報・通信業,2019-10-25,2026-08-28,ok,True,2020-03-31,2020-04-01,213.600006,2020-09-30,2200.0,2020-10-30,2248.0,10.5243,182,-0.0478,2026-08-28,316.0,1.4794,False,2020-10-08,3186.0,14.9157,-0.9008,0.9082,-0.9391,True,True,2020-03-31,2020-04-01,213.600006,2020-09-30,2200.0,2020-10-30,2248.0,10.5243,182,-0.0478,2026-08-28,316.0,1.4794,False,2020-10-08,3186.0,14.9157,-0.9008,0.9082,-0.9391,True
6580,ライトアップ,グロース（内国株式）,サービス業,2018-06-22,2026-08-28,ok,True,2020-03-31,2020-04-01,395.0,2021-10-29,4055.0,2021-10-29,4055.0,10.2658,576,-0.019,2026-08-28,916.0,2.319,False,2021-11-01,4130.0,10.4557,-0.7782,1.4633,-0.86,False,True,2020-03-31,2020-04-01,395.0,2021-10-29,4055.0,2021-10-29,4055.0,10.2658,576,-0.019,2026-08-28,916.0,2.319,False,2021-11-01,4130.0,10.4557,-0.7782,1.4633,-0.86,False
7095,Ｍａｃｂｅｅ　Ｐｌａｎｅｔ,プライム（内国株式）,サービス業,2020-03-31,2026-08-28,ok,False,,,,,,,,,,,,,,,,,,,,,,True,2020-03-31,2020-04-01,420.75,2023-03-31,5065.0,2023-03-31,5065.0,12.038,1094,-0.0024,2026-08-28,1285.0,3.0541,False,2023-07-11,5675.0,13.4878,-0.7736,2.3268,-0.8275,False
8139,ナガホリ,スタンダード（内国株式）,卸売業,2015-07-01,2026-08-28,ok,True,2020-10-30,2020-11-02,156.0,2022-10-31,1661.0,2022-10-31,1661.0,10.6474,728,-0.1474,2026-08-28,2268.0,14.5385,True,2026-05-21,2899.0,18.5833,-0.2177,5.6026,-0.4738,False,True,2020-03-31,2020-04-01,165.0,2022-10-31,1661.0,2022-10-31,1661.0,10.0667,943,-0.1939,2026-08-28,2268.0,13.7455,True,2026-05-21,2899.0,17.5697,-0.2177,5.297,-0.4738,False
9107,川崎汽船,プライム（内国株式）,海運業,2015-07-01,2026-08-28,ok,True,2020-03-31,2020-04-01,88.888885,2022-02-28,894.444458,2022-02-28,894.444458,10.0625,698,-0.035,2026-08-28,3382.0,38.0475,True,2026-08-24,3465.0,38.9813,-0.024,7.62,-0.4448,False,True,2020-03-31,2020-04-01,88.888885,2022-02-28,894.444458,2022-05-31,1137.777832,12.8,698,-0.035,2026-08-28,3382.0,38.0475,True,2026-08-24,3465.0,38.9813,-0.024,7.62,-0.4448,False
9268,オプティマスグループ,スタンダード（内国株式）,卸売業,2017-12-26,2026-08-28,ok,False,,,,,,,,,,,,,,,,,,,,,,True,2020-11-30,2020-12-01,69.416664,2023-11-30,716.0,2023-11-30,716.0,10.3145,1094,-0.0768,2026-08-28,432.0,6.2233,False,2024-03-29,1065.0,15.3421,-0.5944,3.9472,-0.7427,False
1514,住石ホールディングス,スタンダード（内国株式）,鉱業,2015-07-01,2026-08-28,ok,True,2022-01-31,2022-02-01,131.0,2024-01-31,1718.0,2024-01-31,1718.0,13.1145,729,0.0,2026-08-28,669.0,5.1069,False,2024-03-07,5380.0,41.0687,-0.8757,3.8931,-0.9052,False,True,2021-01-29,2021-02-01,110.0,2024-01-31,1718.0,2024-01-31,1718.0,15.6182,1094,0.0,2026-08-28,669.0,6.0818,False,2024-03-07,5380.0,48.9091,-0.8757,4.6364,-0.9052,False
6016,ジャパンエンジンコーポレーション,スタンダード（内国株式）,輸送用機器,2015-07-01,2026-08-28,ok,True,2022-01-31,2022-02-01,281.666656,2024-01-31,3030.0,2024-01-31,3030.0,10.7574,729,-0.0686,2026-08-28,11200.0,39.7633,True,2026-02-18,15710.0,55.7751,-0.2871,8.5775,-0.6241,False,True,2021-02-26,2021-03-01,328.0,2024-02-29,4350.0,2024-02-29,4350.0,13.2622,1095,-0.2002,2026-08-28,11200.0,34.1463,True,2026-02-18,15710.0,47.8963,-0.2871,7.3659,-0.6241,False
7014,名村造船所,スタンダード（内国株式）,輸送用機器,2015-07-01,2026-08-28,ok,False,,,,,,,,,,,,,,,,,,,,,,True,2021-02-26,2021-03-01,188.0,2024-02-29,2080.0,2024-02-29,2080.0,11.0638,1095,-0.1223,2026-08-28,4880.0,25.9574,True,2026-02-16,5730.0,30.4787,-0.1483,6.4947,-0.5359,False
3778,さくらインターネット,プライム（内国株式）,情報・通信業,2015-07-01,2026-08-28,ok,True,2022-02-28,2022-03-01,528.0,2024-02-29,6450.0,2024-02-29,6450.0,12.2159,730,-0.0814,2026-08-28,3865.0,7.3201,False,2024-03-07,10270.0,19.4508,-0.6237,4.411,-0.7732,False,True,2021-05-31,2021-06-01,622.0,2024-02-29,6450.0,2024-02-29,6450.0,10.3698,1003,-0.2251,2026-08-28,3865.0,6.2138,False,2024-03-07,10270.0,16.5113,-0.6237,3.7444,-0.7732,False
3399,丸千代山岡家,スタンダード（内国株式）,小売業,2015-07-01,2026-08-28,ok,False,,,,,,,,,,,,,,,,,,,,,,True,2021-12-30,2022-01-04,239.75,2024-12-30,2415.0,2024-12-30,2415.0,10.073,1091,-0.0428,2026-08-28,4050.0,16.8926,True,2026-08-28,4050.0,16.8926,0.0,6.6111,-0.3499,False
4575,キャンバス,グロース（内国株式）,医薬品,2015-07-01,2026-08-28,ok,True,2021-12-30,2022-01-04,175.0,2023-01-31,1794.0,2023-01-31,1794.0,10.2514,392,-0.0686,2026-08-28,884.0,5.0514,False,2023-02-16,2801.0,16.0057,-0.6844,2.4114,-0.8493,False,True,2021-12-30,2022-01-04,175.0,2023-01-31,1794.0,2023-01-31,1794.0,10.2514,392,-0.0686,2026-08-28,884.0,5.0514,False,2023-02-16,2801.0,16.0057,-0.6844,2.4114,-0.8493,False
4935,リベルタ,スタンダード（内国株式）,化学,2020-12-17,2026-08-28,ok,True,2022-12-30,2023-01-04,56.700001,2024-12-30,938.0,2024-12-30,938.0,16.5432,726,-0.0829,2026-08-28,211.0,3.7213,False,2025-01-07,1278.0,22.5397,-0.8349,3.3333,-0.8521,False,True,2021-12-30,2022-01-04,69.0,2024-12-30,938.0,2024-12-30,938.0,13.5942,1091,-0.3203,2026-08-28,211.0,3.058,False,2025-01-07,1278.0,18.5217,-0.8349,2.7391,-0.8521,False
5803,フジクラ,プライム（内国株式）,非鉄金属,2015-07-01,2026-08-28,ok,True,2023-08-31,2023-09-01,202.0,2025-08-29,2128.333252,2025-08-29,2128.333252,10.5363,728,-0.1481,2026-08-28,5340.0,26.4356,True,2026-05-13,7855.0,38.8861,-0.3202,10.2434,-0.5264,False,True,2021-12-30,2022-01-04,96.833336,2024-12-30,1091.333374,2024-12-30,1091.333374,11.2702,1091,-0.1343,2026-08-28,5340.0,55.1463,True,2026-05-13,7855.0,81.1188,-0.3202,6.1842,-0.5264,False
7692,アースインフィニティ,スタンダード（内国株式）,電気・ガス業,2020-10-19,2026-08-28,ok,True,2021-12-30,2022-01-04,46.277779,2023-03-31,566.666687,2023-03-31,566.666687,12.2449,451,-0.4808,2026-08-28,80.0,1.7287,False,2023-04-13,818.333313,17.6831,-0.9022,1.2965,-0.9267,False,True,2021-12-30,2022-01-04,46.277779,2023-03-31,566.666687,2023-03-31,566.666687,12.2449,451,-0.4808,2026-08-28,80.0,1.7287,False,2023-04-13,818.333313,17.6831,-0.9022,1.2965,-0.9267,False
3350,メタプラネット,スタンダード（内国株式）,卸売業,2015-07-01,2026-08-28,ok,True,2023-01-31,2023-02-01,37.0,2025-01-31,492.5,2025-01-31,492.5,13.3108,730,-0.6216,2026-08-28,346.0,9.3514,False,2025-06-16,1895.0,51.2162,-0.8174,5.3243,-0.896,False,True,2022-01-31,2022-02-01,34.0,2024-12-30,348.0,2025-01-31,492.5,14.4853,1063,-0.5882,2026-08-28,346.0,10.1765,True,2025-06-16,1895.0,55.7353,-0.8174,5.7941,-0.896,False
6632,ＪＶＣケンウッド,プライム（内国株式）,電気機器,2015-07-01,2026-08-28,ok,False,,,,,,,,,,,,,,,,,,,,,,True,2022-01-31,2022-02-01,175.0,2025-01-31,1800.0,2025-01-31,1800.0,10.2857,1095,-0.0857,2026-08-28,1036.5,5.9229,False,2025-01-30,1822.5,10.4143,-0.4313,5.3149,-0.4833,False
5721,エスクリプトエナジー,スタンダード（内国株式）,非鉄金属,2015-07-01,2026-08-28,ok,True,2023-06-30,2023-07-03,24.0,2025-06-30,315.0,2025-06-30,315.0,13.125,728,-0.2083,2026-08-28,60.0,2.5,False,2025-06-17,422.0,17.5833,-0.8578,2.0417,-0.8444,False,True,2022-06-30,2022-07-01,26.0,2025-06-30,315.0,2025-06-30,315.0,12.1154,1095,-0.2692,2026-08-28,60.0,2.3077,False,2025-06-17,422.0,16.2308,-0.8578,1.8846,-0.8444,False
6574,コンヴァノ,グロース（内国株式）,サービス業,2018-04-11,2026-08-28,ok,True,2023-06-30,2023-07-03,6.89,2025-06-30,86.199997,2025-06-30,86.199997,12.5109,728,-0.3324,2026-08-28,114.0,16.5457,True,2025-08-21,318.5,46.2264,-0.6421,11.0595,-0.7425,False,True,2022-06-30,2022-07-01,6.03,2025-06-30,86.199997,2025-06-30,86.199997,14.2952,1095,-0.2371,2026-08-28,114.0,18.9055,True,2025-08-21,318.5,52.8192,-0.6421,12.6368,-0.7425,False
3905,データセクション,グロース（内国株式）,情報・通信業,2015-07-01,2026-08-28,ok,True,2023-07-31,2023-08-01,334.0,2025-07-31,3440.0,2025-07-31,3440.0,10.2994,730,-0.2425,2026-08-28,1727.0,5.1707,False,2026-05-29,6140.0,18.3832,-0.7187,3.8024,-0.7513,False,True,2022-07-29,2022-08-01,285.0,2025-07-31,3440.0,2025-07-31,3440.0,12.0702,1095,-0.1649,2026-08-28,1727.0,6.0596,False,2026-05-29,6140.0,21.5439,-0.7187,4.4561,-0.7513,False
6573,ＣＲＡＶＩＡ,グロース（内国株式）,サービス業,2018-03-30,2026-08-28,ok,True,2022-08-31,2022-09-01,81.0,2023-09-29,846.333313,2023-09-29,846.333313,10.4486,393,-0.214,2026-08-28,30.0,0.3704,False,2023-09-25,913.333313,11.2757,-0.9672,0.2593,-0.9769,True,True,2022-08-31,2022-09-01,81.0,2023-09-29,846.333313,2023-09-29,846.333313,10.4486,393,-0.214,2026-08-28,30.0,0.3704,False,2023-09-25,913.333313,11.2757,-0.9672,0.2593,-0.9769,True
7003,三井Ｅ＆Ｓ,プライム（内国株式）,機械,2015-07-01,2026-08-28,ok,True,2023-10-31,2023-11-01,427.0,2025-08-29,4600.0,2025-10-31,6306.0,14.7681,667,-0.0351,2026-08-28,4556.0,10.6698,True,2026-03-02,8129.0,19.0375,-0.4395,9.1311,-0.5204,False,True,2022-08-31,2022-09-01,422.0,2025-08-29,4600.0,2025-08-29,4600.0,10.9005,1093,-0.1209,2026-08-28,4556.0,10.7962,True,2026-03-02,8129.0,19.263,-0.4395,9.2393,-0.5204,False
7273,イクヨ,スタンダード（内国株式）,輸送用機器,2015-07-01,2026-08-28,ok,False,,,,,,,,,,,,,,,,,,,,,,True,2022-08-31,2022-09-01,113.5,2025-08-29,1260.0,2025-08-29,1260.0,11.1013,1093,-0.1101,2026-08-28,601.0,5.2952,False,2025-09-01,1272.0,11.207,-0.5275,5.0837,-0.5464,False
8105,Ｂｉｔｃｏｉｎ　Ｊａｐａｎ,スタンダード（内国株式）,卸売業,2015-07-01,2026-08-28,ok,True,2023-08-31,2023-09-01,53.0,2025-08-29,670.0,2025-08-29,670.0,12.6415,728,-0.3396,2026-08-28,89.0,1.6792,False,2025-11-12,924.0,17.434,-0.9037,1.6415,-0.9058,False,True,2022-08-31,2022-09-01,51.0,2025-08-29,670.0,2025-08-29,670.0,13.1373,1093,-0.3137,2026-08-28,89.0,1.7451,False,2025-11-12,924.0,18.1176,-0.9037,1.7059,-0.9058,False
4889,レナサイエンス,グロース（内国株式）,医薬品,2021-09-24,2026-08-28,ok,False,,,,,,,,,,,,,,,,,,,,,,True,2022-10-31,2022-11-01,301.0,2025-07-31,3070.0,2025-07-31,3070.0,10.1993,1003,-0.1096,2026-08-28,1345.0,4.4684,False,2025-07-30,3140.0,10.4319,-0.5717,3.7243,-0.6407,False
6857,アドバンテスト,プライム（内国株式）,電気機器,2015-07-01,2026-08-28,ok,False,,,,,,,,,,,,,,,,,,,,,,True,2022-10-31,2022-11-01,1967.5,2025-10-31,23135.0,2025-10-31,23135.0,11.7586,1095,-0.0368,2026-08-28,35270.0,17.9263,True,2026-08-17,37780.0,19.202,-0.0664,9.3088,-0.2981,False
7018,内海造船,スタンダード（内国株式）,輸送用機器,2015-07-01,2026-08-28,ok,False,,,,,,,,,,,,,,,,,,,,,,True,2022-10-31,2022-11-01,1253.0,2025-10-31,16440.0,2025-10-31,16440.0,13.1205,1095,-0.075,2026-08-28,13280.0,10.5986,True,2026-02-18,18770.0,14.98,-0.2925,6.7917,-0.5466,False
6269,三井海洋開発,プライム（内国株式）,機械,2015-07-01,2026-08-28,ok,False,,,,,,,,,,,,,,,,,,,,,,True,2022-11-30,2022-12-01,1528.0,2025-11-28,15685.0,2025-11-28,15685.0,10.2651,1093,-0.1584,2026-08-28,9843.0,6.4418,False,2026-02-12,16130.0,10.5563,-0.3898,5.9038,-0.4407,False
3692,ＦＦＲＩセキュリティ,グロース（内国株式）,情報・通信業,2015-07-01,2026-08-28,ok,True,2023-10-31,2023-11-01,1013.0,2025-10-31,10840.0,2025-10-31,10840.0,10.7009,730,0.0,2026-08-28,5710.0,5.6367,False,2025-10-20,13070.0,12.9023,-0.5631,4.383,-0.6,False,True,2022-12-30,2023-01-04,981.0,2025-10-31,10840.0,2025-10-31,10840.0,11.0499,1031,-0.0561,2026-08-28,5710.0,5.8206,False,2025-10-20,13070.0,13.3231,-0.5631,4.526,-0.6,False
4570,免疫生物研究所,グロース（内国株式）,医薬品,2015-07-01,2026-08-28,ok,False,,,,,,,,,,,,,,,,,,,,,,True,2022-12-30,2023-01-04,311.0,2025-11-28,3120.0,2025-11-28,3120.0,10.0322,1059,-0.0161,2026-08-28,1110.0,3.5691,False,2025-12-01,3820.0,12.283,-0.7094,2.9164,-0.7626,False
4107,伊勢化学工業,スタンダード（内国株式）,化学,2015-07-01,2026-08-28,ok,False,,,,,,,,,,,,,,,,,,,,,,True,2023-01-31,2023-02-01,524.0,2026-01-30,5930.0,2026-01-30,5930.0,11.3168,1094,-0.0115,2026-08-28,4340.0,8.2824,False,2026-02-06,7860.0,15.0,-0.4478,6.4504,-0.57,False
3110,日東紡績,プライム（内国株式）,ガラス・土石製品,2015-07-01,2026-08-28,ok,False,,,,,,,,,,,,,,,,,,,,,,True,2023-02-28,2023-03-01,420.0,2026-02-27,5040.0,2026-02-27,5040.0,12.0,1094,-0.1429,2026-08-28,3035.0,7.2262,False,2026-05-07,6390.0,15.2143,-0.525,6.1857,-0.5934,False
5706,三井金属,プライム（内国株式）,非鉄金属,2015-07-01,2026-08-28,ok,True,2024-05-31,2024-06-03,5059.0,2026-05-29,51630.0,2026-05-29,51630.0,10.2056,725,-0.3455,2026-08-28,29000.0,5.7324,False,2026-05-13,54900.0,10.8519,-0.4718,5.0731,-0.5233,False,True,2023-02-28,2023-03-01,3430.0,2026-02-27,36910.0,2026-02-27,36910.0,10.7609,1094,-0.1093,2026-08-28,29000.0,8.4548,False,2026-05-13,54900.0,16.0058,-0.4718,7.4825,-0.5325,False
5801,古河電気工業,プライム（内国株式）,非鉄金属,2015-07-01,2026-08-28,ok,True,2024-04-30,2024-05-01,339.899994,2026-04-30,4237.0,2026-04-30,4237.0,12.4654,729,-0.134,2026-08-28,3903.0,11.4828,True,2026-05-26,6014.0,17.6934,-0.351,8.1568,-0.539,False,True,2023-02-28,2023-03-01,241.300003,2026-02-27,2810.0,2026-02-27,2810.0,11.6453,1094,-0.0993,2026-08-28,3903.0,16.1749,True,2026-05-26,6014.0,24.9233,-0.351,10.4849,-0.539,False
6085,アーキテクツ・スタジオ・ジャパン,グロース（内国株式）,サービス業,2015-07-01,2026-08-28,ok,True,2024-02-29,2024-03-01,16.666666,2026-02-27,199.100006,2026-02-27,199.100006,11.946,728,-0.22,2026-08-28,225.0,13.5,True,2026-04-28,640.0,38.4,-0.6484,4.2,-0.8906,False,True,2023-02-28,2023-03-01,16.933332,2026-02-27,199.100006,2026-02-27,199.100006,11.7579,1094,-0.2343,2026-08-28,225.0,13.2874,True,2026-04-28,640.0,37.7953,-0.6484,4.1339,-0.8906,False
6227,ＡＩメカテック,スタンダード（内国株式）,機械,2021-07-30,2026-08-28,ok,True,2024-07-31,2024-08-01,688.0,2026-06-30,6960.0,2026-06-30,6960.0,10.1163,698,-0.2631,2026-08-28,6250.0,9.0843,False,2026-04-15,8420.0,12.2384,-0.2577,7.9215,-0.3272,False,True,2023-02-28,2023-03-01,478.0,2026-02-27,6090.0,2026-02-27,6090.0,12.7406,1094,-0.083,2026-08-28,6250.0,13.0753,True,2026-04-15,8420.0,17.6151,-0.2577,11.0251,-0.3527,False
6834,精工技研,スタンダード（内国株式）,電気機器,2015-07-01,2026-08-28,ok,True,2023-11-30,2023-12-01,272.200012,2025-11-28,2844.0,2025-11-28,2844.0,10.4482,728,-0.0294,2026-08-28,5200.0,19.1036,True,2026-05-13,7080.0,26.0103,-0.2655,8.1778,-0.5455,False,True,2023-02-28,2023-03-01,367.200012,2026-02-27,4328.0,2026-02-27,4328.0,11.7865,1094,-0.2881,2026-08-28,5200.0,14.1612,True,2026-05-13,7080.0,19.281,-0.2655,8.7636,-0.5455,False
7011,三菱重工業,プライム（内国株式）,機械,2015-07-01,2026-08-28,ok,False,,,,,,,,,,,,,,,,,,,,,,True,2023-02-28,2023-03-01,500.600006,2026-02-27,5014.0,2026-02-27,5014.0,10.016,1094,-0.1055,2026-08-28,4025.0,8.0404,False,2026-03-02,5195.0,10.3775,-0.2252,6.9796,-0.3274,False
6231,木村工機,スタンダード（内国株式）,機械,2020-03-13,2026-08-28,ok,False,,,,,,,,,,,,,,,,,,,,,,True,2023-03-31,2023-04-03,1542.0,2026-02-27,15430.0,2026-02-27,15430.0,10.0065,1061,-0.0357,2026-08-28,13090.0,8.489,False,2026-02-12,16630.0,10.7847,-0.2129,6.7964,-0.3511,False
3103,ユニチカ,スタンダード（内国株式）,繊維製品,2015-07-01,2026-08-28,ok,True,2024-02-29,2024-03-01,163.0,2026-02-27,1918.0,2026-02-27,1918.0,11.7669,728,-0.2209,2026-08-28,1686.0,10.3436,True,2026-04-20,3745.0,22.9755,-0.5498,4.6748,-0.7965,False,True,2023-04-28,2023-05-01,217.0,2026-04-30,2438.0,2026-04-30,2438.0,11.235,1095,-0.4147,2026-08-28,1686.0,7.7696,False,2026-04-20,3745.0,17.2581,-0.5498,3.5115,-0.7034,False
6777,ｓａｎｔｅｃ　Ｈｏｌｄｉｎｇｓ,スタンダード（内国株式）,電気機器,2015-07-01,2026-08-28,ok,False,,,,,,,,,,,,,,,,,,,,,,True,2023-04-28,2023-05-01,2357.0,2026-04-30,27940.0,2026-04-30,27940.0,11.8541,1095,-0.0509,2026-08-28,19140.0,8.1205,False,2026-05-13,33000.0,14.0008,-0.42,6.4871,-0.5367,False
6787,メイコー,プライム（内国株式）,電気機器,2015-07-01,2026-08-28,ok,False,,,,,,,,,,,,,,,,,,,,,,True,2023-04-28,2023-05-01,2748.0,2026-04-30,31650.0,2026-04-30,31650.0,11.5175,1095,-0.1248,2026-08-28,18760.0,6.8268,False,2026-05-22,43450.0,15.8115,-0.5682,6.1536,-0.6108,False
6871,日本マイクロニクス,プライム（内国株式）,電気機器,2015-07-01,2026-08-28,ok,False,,,,,,,,,,,,,,,,,,,,,,True,2023-04-28,2023-05-01,1239.0,2026-04-30,12960.0,2026-04-30,12960.0,10.46,1095,0.0,2026-08-28,13020.0,10.5085,True,2026-06-25,17650.0,14.2454,-0.2623,9.0799,-0.3626,False
1948,弘電社,スタンダード（内国株式）,建設業,2015-07-01,2026-08-28,ok,False,,,,,,,,,,,,,,,,,,,,,,True,2023-05-31,2023-06-01,872.0,2026-05-29,11460.0,2026-05-29,11460.0,13.1422,1093,-0.0057,2026-08-28,11430.0,13.1078,True,2026-06-15,11490.0,13.1766,-0.0052,13.0619,-0.0087,False
6072,地盤ネットホールディングス,スタンダード（内国株式）,サービス業,2015-07-01,2026-08-28,ok,True,2024-07-31,2024-08-01,143.0,2026-05-29,1438.0,2026-05-29,1438.0,10.0559,666,-0.2168,2026-08-28,1072.0,7.4965,False,2026-06-03,1874.0,13.1049,-0.428,5.9441,-0.5464,False,True,2023-05-31,2023-06-01,142.0,2026-05-29,1438.0,2026-05-29,1438.0,10.1268,1093,-0.3099,2026-08-28,1072.0,7.5493,False,2026-06-03,1874.0,13.1972,-0.428,5.9859,-0.5464,False
6330,東洋エンジニアリング,プライム（内国株式）,建設業,2015-07-01,2026-08-28,ok,False,,,,,,,,,,,,,,,,,,,,,,True,2023-05-31,2023-06-01,523.0,2026-01-30,5600.0,2026-01-30,5600.0,10.7075,974,0.0,2026-08-28,2781.0,5.3174,False,2026-01-15,7370.0,14.0918,-0.6227,3.348,-0.7444,False
6327,北川精機,スタンダード（内国株式）,機械,2015-07-01,2026-08-28,ok,True,2024-06-28,2024-07-01,691.0,2026-06-30,7900.0,2026-06-30,7900.0,11.4327,729,-0.2504,2026-08-28,3175.0,4.5948,False,2026-07-01,8290.0,11.9971,-0.617,3.877,-0.6768,False,True,2023-07-31,2023-08-01,756.0,2026-06-30,7900.0,2026-06-30,7900.0,10.4497,1064,-0.3148,2026-08-28,3175.0,4.1997,False,2026-07-01,8290.0,10.9656,-0.617,3.5437,-0.6768,False
2334,イオレ,グロース（内国株式）,サービス業,2017-12-18,2026-08-28,ok,True,2024-06-28,2024-07-01,66.900002,2025-08-29,670.0,2025-08-29,670.0,10.0149,424,-0.3109,2026-08-28,574.0,8.58,False,2025-08-25,968.0,14.4694,-0.407,4.0359,-0.6751,False,False,,,,,,,,,,,,,,,,,,,,,
