date,v02_nav,v02_cash,v02_market_value,v02_drawdown_pct,v02_acquisition_cost_pct,v02_strategy_waiting_cash_pct,v04_nav,v04_cash,v04_market_value,v04_drawdown_pct,v04_acquisition_cost_pct,v04_strategy_waiting_cash_pct
2025-01-06,9953841.94,9106621.94,847220.00,-0.461581,8.920400,91.488513,9716768.23,4330328.23,5386440.00,-2.832318,56.611800,44.565519
2025-01-07,9950341.94,9106621.94,843720.00,-0.496581,8.920400,91.520693,9677068.23,4330328.23,5346740.00,-3.229318,56.611800,44.748349
2025-01-08,9932351.94,9106621.94,825730.00,-0.676481,8.920400,91.686461,9561338.23,4330328.23,5231010.00,-4.386618,56.611800,45.289981
2025-01-09,9916741.94,9106621.94,810120.00,-0.832581,8.920400,91.830785,9474868.23,4330328.23,5144540.00,-5.251318,56.611800,45.703308
2025-01-10,9919111.94,9106621.94,812490.00,-0.808881,8.920400,91.808843,9482558.23,4330328.23,5152230.00,-5.174418,56.611800,45.666245
2025-01-14,9911811.94,9106621.94,805190.00,-0.881881,8.920400,91.876460,9457358.23,4330328.23,5127030.00,-5.426418,56.611800,45.787926
2025-01-15,9931621.94,9106621.94,825000.00,-0.683781,8.920400,91.693200,9560528.23,4330328.23,5230200.00,-4.394718,56.611800,45.293818
2025-01-16,9931691.94,9106621.94,825070.00,-0.683081,8.920400,91.692553,9564418.23,4330328.23,5234090.00,-4.355818,56.611800,45.275396
2025-01-17,9940951.94,9106621.94,834330.00,-0.590481,8.920400,91.607142,9634738.23,4330328.23,5304410.00,-3.652618,56.611800,44.944949
2025-01-20,9997761.94,9106621.94,891140.00,-0.022381,8.920400,91.086605,9976708.23,4330328.23,5646380.00,-0.232918,56.611800,43.404379
2025-01-21,10004541.94,9106621.94,897920.00,0.000000,8.920400,91.024876,10018168.23,4330328.23,5687840.00,0.000000,56.611800,43.224751
2025-01-22,10057771.94,9106621.94,951150.00,0.000000,8.920400,90.543134,10311678.23,4330328.23,5981350.00,0.000000,56.611800,41.994408
2025-01-23,10029321.94,9106621.94,922700.00,-0.282866,8.920400,90.799976,10154328.23,4330328.23,5824000.00,-1.525940,56.611800,42.645147
2025-01-24,10067791.94,9106621.94,961170.00,0.000000,8.920400,90.453021,10399218.23,4330328.23,6068890.00,0.000000,56.611800,41.640902
2025-01-27,10053731.94,9106621.94,947110.00,-0.139653,8.920400,90.579518,10296998.23,4330328.23,5966670.00,-0.982959,56.611800,42.054278
2025-01-28,10055741.94,9106621.94,949120.00,-0.119689,8.920400,90.561413,10319868.23,4330328.23,5989540.00,-0.763038,56.611800,41.961081
2025-01-29,10057941.94,9106621.94,951320.00,-0.097837,8.920400,90.541604,10324268.23,4330328.23,5993940.00,-0.720727,56.611800,41.943198
2025-01-30,10086011.94,9106621.94,979390.00,0.000000,8.920400,90.289621,10484158.23,4330328.23,6153830.00,0.000000,56.611800,41.303538
2025-01-31,10077221.94,9106621.94,970600.00,-0.087150,8.920400,90.368377,10452628.23,4330328.23,6122300.00,-0.300739,56.611800,41.428128
2025-02-03,10048631.94,9106621.94,942010.00,-0.370612,8.920400,90.625490,10249398.23,4330328.23,5919070.00,-2.239188,56.611800,42.249585
2025-02-04,10051731.94,9106621.94,945110.00,-0.339877,8.920400,90.597541,10292198.23,4330328.23,5961870.00,-1.830953,56.611800,42.073891
2025-02-05,10066561.94,9106621.94,959940.00,-0.192841,8.920400,90.464073,10380708.23,4330328.23,6050380.00,-0.986727,56.611800,41.715152
2025-02-06,10054441.94,9106621.94,947820.00,-0.313008,8.920400,90.573122,10317868.23,4330328.23,5987540.00,-1.586107,56.611800,41.969214
2025-02-07,10054221.94,9106621.94,947600.00,-0.315189,8.920400,90.575104,10317728.23,4330328.23,5987400.00,-1.587443,56.611800,41.969784
2025-02-10,10070851.94,9106621.94,964230.00,-0.150307,8.920400,90.425537,10419838.23,4330328.23,6089510.00,-0.613497,56.611800,41.558498
2025-02-12,10077941.94,9106621.94,971320.00,-0.080012,8.920400,90.361921,10501968.23,4330328.23,6171640.00,0.000000,56.611800,41.233492
2025-02-13,10076631.94,9106621.94,970010.00,-0.093000,8.920400,90.373668,10516098.23,4330328.23,6185770.00,0.000000,56.611800,41.178088
2025-02-14,10038941.94,9106621.94,932320.00,-0.466686,8.920400,90.712966,10269168.23,4330328.23,5938840.00,-2.348114,56.611800,42.168247
2025-02-17,10038681.94,9106621.94,932060.00,-0.469264,8.920400,90.715315,10275148.23,4330328.23,5944820.00,-2.291249,56.611800,42.143706
2025-02-18,10047081.94,9106621.94,940460.00,-0.385980,8.920400,90.639471,10380348.23,4330328.23,6050020.00,-1.290878,56.611800,41.716599
2025-02-19,10033391.94,9106621.94,926770.00,-0.521713,8.920400,90.763144,10278318.23,4330328.23,5947990.00,-2.261105,56.611800,42.130708
2025-02-20,10020821.94,9106621.94,914200.00,-0.646341,8.920400,90.876996,10218428.23,4330328.23,5888100.00,-2.830613,56.611800,42.377635
2025-02-21,9994631.94,9106621.94,888010.00,-0.906007,8.920400,91.115131,10048198.23,4330328.23,5717870.00,-4.449369,56.611800,43.095569
2025-02-25,9975271.94,9106621.94,868650.00,-1.097956,8.920400,91.291967,9921978.23,4330328.23,5591650.00,-5.649624,56.611800,43.643799
2025-02-26,9955221.94,9106621.94,848600.00,-1.296746,8.920400,91.475830,9760728.23,4330328.23,5430400.00,-7.182987,56.611800,44.364807
2025-02-27,9945521.94,9106621.94,838900.00,-1.392919,8.920400,91.565048,9688828.23,4330328.23,5358500.00,-7.866701,56.611800,44.694034
2025-02-28,9929241.94,9106621.94,822620.00,-1.554331,8.920400,91.715178,9597168.23,4330328.23,5266840.00,-8.738317,56.611800,45.120895
2025-03-03,9955491.94,9106621.94,848870.00,-1.294069,8.920400,91.473350,9773418.23,4330328.23,5443090.00,-7.062315,56.611800,44.307203
2025-03-04,9949411.94,9106621.94,842790.00,-1.354351,8.920400,91.529248,9748258.23,4330328.23,5417930.00,-7.301567,56.611800,44.421558
2025-03-05,9958901.94,9106621.94,852280.00,-1.260260,8.920400,91.442028,9831088.23,4330328.23,5500760.00,-6.513918,56.611800,44.047293
2025-03-06,9978291.94,9106621.94,871670.00,-1.068014,8.920400,91.264337,9956918.23,4330328.23,5626590.00,-5.317371,56.611800,43.490648
2025-03-07,9962381.94,9106621.94,855760.00,-1.225757,8.920400,91.410086,9841348.23,4330328.23,5511020.00,-6.416353,56.611800,44.001372
2025-03-10,9948141.94,9106621.94,841520.00,-1.366943,8.920400,91.540933,9738468.23,4330328.23,5408140.00,-7.394663,56.611800,44.466215
2025-03-11,9969231.94,9106621.94,862610.00,-1.157841,8.920400,91.347277,9825298.23,4330328.23,5494970.00,-6.568976,56.611800,44.073250
2025-03-12,9963711.94,9106621.94,857090.00,-1.212570,8.920400,91.397885,9798358.23,4330328.23,5468030.00,-6.825155,56.611800,44.194427
2025-03-13,9966341.94,9106621.94,859720.00,-1.186495,8.920400,91.373766,9807468.23,4330328.23,5477140.00,-6.738526,56.611800,44.153375
2025-03-14,9970101.94,9106621.94,863480.00,-1.149215,8.920400,91.339306,9863688.23,4330328.23,5533360.00,-6.203917,56.611800,43.901714
2025-03-17,9986871.94,9106621.94,880250.00,-0.982945,8.920400,91.185929,9950878.23,4330328.23,5620550.00,-5.374807,56.611800,43.517046
2025-03-18,9990441.94,9106621.94,883820.00,-0.947550,8.920400,91.153344,10020568.23,4330328.23,5690240.00,-4.712109,56.611800,43.214398
2025-03-19,9985171.94,9106621.94,878550.00,-0.999801,8.920400,91.201453,9997578.23,4330328.23,5667250.00,-4.930726,56.611800,43.313772
2025-03-21,9977561.94,9106621.94,870940.00,-1.075252,8.920400,91.271014,9968908.23,4330328.23,5638580.00,-5.203356,56.611800,43.438340
2025-03-24,9970191.94,9106621.94,863570.00,-1.148323,8.920400,91.338482,9919118.23,4330328.23,5588790.00,-5.676820,56.611800,43.656383
2025-03-25,9976581.94,9106621.94,869960.00,-1.084968,8.920400,91.279979,9927848.23,4330328.23,5597520.00,-5.593805,56.611800,43.617994
2025-03-26,9981001.94,9106621.94,874380.00,-1.041145,8.920400,91.239557,9958988.23,4330328.23,5628660.00,-5.297687,56.611800,43.481608
2025-03-27,9969641.94,9106621.94,863020.00,-1.153776,8.920400,91.343521,9878368.23,4330328.23,5548040.00,-6.064321,56.611800,43.836473
2025-03-28,9949351.94,9106621.94,842730.00,-1.354946,8.920400,91.529800,9746738.23,4330328.23,5416410.00,-7.316021,56.611800,44.428486
2025-03-31,9921531.94,9106621.94,814910.00,-1.630773,8.920400,91.786450,9562198.23,4330328.23,5231870.00,-9.070855,56.611800,45.285907
2025-04-01,9902341.09,8892401.09,1009940.00,-1.821045,11.059400,89.800998,9381971.75,1541831.75,7840140.00,-10.784670,84.455000,16.433984
2025-04-02,9869711.09,8892401.09,977310.00,-2.144563,11.059400,90.097886,9155841.75,1541831.75,7614010.00,-12.934992,84.455000,16.839869
2025-04-03,9843601.09,8892401.09,951200.00,-2.403436,11.059400,90.336870,8922431.75,1541831.75,7380600.00,-15.154542,84.455000,17.280398
2025-04-04,9798861.09,8892401.09,906460.00,-2.847021,11.059400,90.749333,8545291.75,1541831.75,7003460.00,-18.740853,84.455000,18.043056
2025-04-07,9679721.09,8892401.09,787320.00,-4.028261,11.059400,91.866295,7636651.75,1541831.75,6094820.00,-27.381320,84.455000,20.189892
2025-04-08,9783521.09,8892401.09,891120.00,-2.999113,11.059400,90.891623,8435651.75,1541831.75,6893820.00,-19.783445,84.455000,18.277565
2025-04-09,9732571.09,8892401.09,840170.00,-3.504268,11.059400,91.367440,8083801.75,1541831.75,6541970.00,-23.129267,84.455000,19.073102
2025-04-10,9803971.09,8892401.09,911570.00,-2.796356,11.059400,90.702033,8644701.75,1541831.75,7102870.00,-17.795540,84.455000,17.835569
2025-04-11,9805831.09,8892401.09,913430.00,-2.777915,11.059400,90.684828,8661061.75,1541831.75,7119230.00,-17.639969,84.455000,17.801879
2025-04-14,9823071.09,8892401.09,930670.00,-2.606985,11.059400,90.525672,8793601.75,1541831.75,7251770.00,-16.379616,84.455000,17.533564
2025-04-15,9818941.09,8892401.09,926540.00,-2.647933,11.059400,90.563748,8781671.75,1541831.75,7239840.00,-16.493061,84.455000,17.557383
2025-04-16,9797971.09,8892401.09,905570.00,-2.855845,11.059400,90.757576,8629901.75,1541831.75,7088070.00,-17.936277,84.455000,17.866156
2025-04-17,9816511.09,8892401.09,924110.00,-2.672026,11.059400,90.586167,8772341.75,1541831.75,7230510.00,-16.581782,84.455000,17.576057
2025-04-18,9828061.09,8892401.09,935660.00,-2.557511,11.059400,90.479709,8885291.75,1541831.75,7343460.00,-15.507714,84.455000,17.352629
2025-04-21,9824561.09,8892401.09,932160.00,-2.592212,11.059400,90.511943,8846791.75,1541831.75,7304960.00,-15.873820,84.455000,17.428146
2025-04-22,9813591.09,8892401.09,921190.00,-2.700977,11.059400,90.613120,8781321.75,1541831.75,7239490.00,-16.496389,84.455000,17.558083
2025-04-23,9821261.09,8892401.09,928860.00,-2.624931,11.059400,90.542355,8845791.75,1541831.75,7303960.00,-15.883329,84.455000,17.430116
2025-04-24,9813511.09,8892401.09,921110.00,-2.701770,11.059400,90.613859,8783341.75,1541831.75,7241510.00,-16.477180,84.455000,17.554045
2025-04-25,9826791.09,8892401.09,934390.00,-2.570103,11.059400,90.491403,8915521.75,1541831.75,7373690.00,-15.220250,84.455000,17.293792
2025-04-28,9834291.09,8892401.09,941890.00,-2.495742,11.059400,90.422390,8993221.75,1541831.75,7451390.00,-14.481383,84.455000,17.144376
2025-04-30,9848981.09,8892401.09,956580.00,-2.350095,11.059400,90.287523,9080411.75,1541831.75,7538580.00,-13.652273,84.455000,16.979756
2025-05-01,9846141.09,8892401.09,953740.00,-2.378253,11.059400,90.313566,9073071.75,1541831.75,7531240.00,-13.722071,84.455000,16.993492
2025-05-02,9854501.09,8892401.09,962100.00,-2.295366,11.059400,90.236949,9111131.75,1541831.75,7569300.00,-13.360150,84.455000,16.922505
2025-05-07,9851971.09,8892401.09,959570.00,-2.320450,11.059400,90.260122,9104901.75,1541831.75,7563070.00,-13.419392,84.455000,16.934084
2025-05-08,9868411.09,8892401.09,976010.00,-2.157452,11.059400,90.109755,9196141.75,1541831.75,7654310.00,-12.551770,84.455000,16.766072
2025-05-09,9897791.09,8892401.09,1005390.00,-1.866157,11.059400,89.842279,9423421.75,1541831.75,7881590.00,-10.390512,84.455000,16.361697
2025-05-12,9889851.09,8892401.09,997450.00,-1.944880,11.059400,89.914408,9395981.75,1541831.75,7854150.00,-10.651446,84.455000,16.409480
2025-05-13,9883151.09,8892401.09,990750.00,-2.011309,11.059400,89.975363,9384881.75,1541831.75,7843050.00,-10.756998,84.455000,16.428888
2025-05-14,9881661.09,8892401.09,989260.00,-2.026082,11.059400,89.988930,9375591.75,1541831.75,7833760.00,-10.845339,84.455000,16.445167
2025-05-15,9879781.09,8892401.09,987380.00,-2.044721,11.059400,90.006054,9390711.75,1541831.75,7848880.00,-10.701559,84.455000,16.418689
2025-05-16,9893091.09,8892401.09,1000690.00,-1.912757,11.059400,89.884961,9517821.75,1541831.75,7975990.00,-9.492841,84.455000,16.199418
2025-05-19,9886771.09,8892401.09,994370.00,-1.975418,11.059400,89.942419,9495001.75,1541831.75,7953170.00,-9.709842,84.455000,16.238351
2025-05-20,9910101.09,8892401.09,1017700.00,-1.744107,11.059400,89.730680,9644931.75,1541831.75,8103100.00,-8.284123,84.455000,15.985927
2025-05-21,9964871.09,8892401.09,1072470.00,-1.201078,11.059400,89.237492,9915601.75,1541831.75,8373770.00,-5.710259,84.455000,15.549553
2025-05-22,10047401.09,8892401.09,1155000.00,-0.382816,11.059400,88.504490,10392431.75,1541831.75,8850600.00,-1.175973,84.455000,14.836102
2025-05-23,9932101.09,8892401.09,1039700.00,-1.525983,11.059400,89.531923,9673131.75,1541831.75,8131300.00,-8.015962,84.455000,15.939323
2025-05-26,9979171.09,8892401.09,1086770.00,-1.059297,11.059400,89.109617,9989301.75,1541831.75,8447470.00,-5.009429,84.455000,15.434830
2025-05-27,9983321.09,8892401.09,1090920.00,-1.018151,11.059400,89.072574,10031551.75,1541831.75,8489720.00,-4.607664,84.455000,15.369823
2025-05-28,9967761.09,8892401.09,1075360.00,-1.172424,11.059400,89.211619,9945391.75,1541831.75,8403560.00,-5.426979,84.455000,15.502977
2025-05-29,9954761.09,8892401.09,1062360.00,-1.301316,11.059400,89.328122,9856991.75,1541831.75,8315160.00,-6.267595,84.455000,15.642011
2025-05-30,9941351.09,8892401.09,1048950.00,-1.434272,11.059400,89.448617,9803881.75,1541831.75,8262050.00,-6.772631,84.455000,15.726748
2025-06-02,9942101.09,8892401.09,1049700.00,-1.426836,11.059400,89.441870,9853531.75,1541831.75,8311700.00,-6.300497,84.455000,15.647504
2025-06-03,9962821.09,8892401.09,1070420.00,-1.221403,11.059400,89.255854,10032951.75,1541831.75,8491120.00,-4.594351,84.455000,15.367678
2025-06-04,9949631.09,8892401.09,1057230.00,-1.352178,11.059400,89.374179,9906661.75,1541831.75,8364830.00,-5.795272,84.455000,15.563585
2025-06-05,9931081.09,8892401.09,1038680.00,-1.536096,11.059400,89.541119,9761411.75,1541831.75,8219580.00,-7.176488,84.455000,15.795172
2025-06-06,9927791.09,8892401.09,1035390.00,-1.568716,11.059400,89.570792,9730421.75,1541831.75,8188590.00,-7.471179,84.455000,15.845477
2025-06-09,9940001.09,8892401.09,1047600.00,-1.447657,11.059400,89.460766,9834531.75,1541831.75,8292700.00,-6.481173,84.455000,15.677734
2025-06-10,9951451.09,8892401.09,1059050.00,-1.334133,11.059400,89.357833,9924981.75,1541831.75,8383150.00,-5.621063,84.455000,15.534857
2025-06-11,9982261.09,8892401.09,1089860.00,-1.028661,11.059400,89.082033,10180591.75,1541831.75,8638760.00,-3.190408,84.455000,15.144815
2025-06-12,10014931.09,8892401.09,1122530.00,-0.704747,11.059400,88.791436,10365161.75,1541831.75,8823330.00,-1.435290,84.455000,14.875134
2025-06-13,9991121.09,8892401.09,1098720.00,-0.940816,11.059400,89.003036,10192051.75,1541831.75,8650220.00,-3.081433,84.455000,15.127786
2025-06-16,10021831.09,8892401.09,1129430.00,-0.636335,11.059400,88.730303,10446961.75,1541831.75,8905130.00,-0.657435,84.455000,14.758662
2025-06-17,10027121.09,8892401.09,1134720.00,-0.583886,11.059400,88.683492,10662551.75,1541831.75,9120720.00,0.000000,84.455000,14.460251
2025-06-18,10025281.09,8892401.09,1132880.00,-0.602129,11.059400,88.699768,10646211.75,1541831.75,9104380.00,-0.153247,84.455000,14.482445
2025-06-19,10070961.09,8892401.09,1178560.00,-0.149225,11.059400,88.297443,10902991.75,1541831.75,9361160.00,0.000000,84.455000,14.141364
2025-06-20,10043931.09,8892401.09,1151530.00,-0.417220,11.059400,88.535067,10732161.75,1541831.75,9190330.00,-1.566818,84.455000,14.366460
2025-06-23,10022861.09,8892401.09,1130460.00,-0.626123,11.059400,88.721185,10575491.75,1541831.75,9033660.00,-3.003763,84.455000,14.579291
2025-06-24,10030001.09,8892401.09,1137600.00,-0.555332,11.059400,88.658027,10611331.75,1541831.75,9069500.00,-2.675046,84.455000,14.530049
2025-06-25,10008821.09,8892401.09,1116420.00,-0.765326,11.059400,88.845639,10472651.75,1541831.75,8930820.00,-3.946990,84.455000,14.722458
2025-06-26,10008731.09,8892401.09,1116330.00,-0.766218,11.059400,88.846438,10469061.75,1541831.75,8927230.00,-3.979917,84.455000,14.727507
2025-06-27,10028731.09,8892401.09,1136330.00,-0.567924,11.059400,88.669254,10568361.75,1541831.75,9026530.00,-3.069158,84.455000,14.589127
2025-06-30,10056521.09,8892401.09,1164120.00,-0.292394,11.059400,88.424228,10733551.75,1541831.75,9191720.00,-1.554069,84.455000,14.364600
2025-07-01,10053223.38,8666923.38,1386300.00,-0.325089,13.310800,86.210393,10649586.70,42886.70,10606700.00,-2.324179,99.422000,0.402708
2025-07-02,10022843.38,8666923.38,1355920.00,-0.626299,13.310800,86.471703,10440546.70,42886.70,10397660.00,-4.241451,99.422000,0.410771
2025-07-03,10085583.38,8666923.38,1418660.00,-0.004249,13.310800,85.933783,10764416.70,42886.70,10721530.00,-1.270982,99.422000,0.398412
2025-07-04,10090983.38,8666923.38,1424060.00,0.000000,13.310800,85.887798,10810116.70,42886.70,10767230.00,-0.851831,99.422000,0.396727
2025-07-07,10146843.38,8666923.38,1479920.00,0.000000,13.310800,85.414971,11150146.70,42886.70,11107260.00,0.000000,99.422000,0.384629
2025-07-08,10177783.38,8666923.38,1510860.00,0.000000,13.310800,85.155314,11321716.70,42886.70,11278830.00,0.000000,99.422000,0.378800
2025-07-09,10281143.38,8666923.38,1614220.00,0.000000,13.310800,84.299217,11923396.70,42886.70,11880510.00,0.000000,99.422000,0.359685
2025-07-10,10207483.38,8666923.38,1540560.00,-0.716457,13.310800,84.907543,11515666.70,42886.70,11472780.00,-3.419579,99.422000,0.372420
2025-07-11,10195323.38,8666923.38,1528400.00,-0.834732,13.310800,85.008813,11467136.70,42886.70,11424250.00,-3.826594,99.422000,0.373997
2025-07-14,10161463.38,8666923.38,1494540.00,-1.164073,13.310800,85.292079,11282456.70,42886.70,11239570.00,-5.375482,99.422000,0.380118
2025-07-15,10152343.38,8666923.38,1485420.00,-1.252779,13.310800,85.368698,11183946.70,42886.70,11141060.00,-6.201672,99.422000,0.383467
2025-07-16,10157543.38,8666923.38,1490620.00,-1.202201,13.310800,85.324995,11200796.70,42886.70,11157910.00,-6.060354,99.422000,0.382890
2025-07-17,10191583.38,8666923.38,1524660.00,-0.871109,13.310800,85.040009,11403116.70,42886.70,11360230.00,-4.363522,99.422000,0.376096
2025-07-18,10158703.38,8666923.38,1491780.00,-1.190918,13.310800,85.315252,11197176.70,42886.70,11154290.00,-6.090714,99.422000,0.383014
2025-07-22,10173883.38,8666923.38,1506960.00,-1.043269,13.310800,85.187957,11257116.70,42886.70,11214230.00,-5.588005,99.422000,0.380974
2025-07-23,10195683.38,8666923.38,1528760.00,-0.831231,13.310800,85.005811,11398916.70,42886.70,11356030.00,-4.398747,99.422000,0.376235
2025-07-24,10193083.38,8666923.38,1526160.00,-0.856520,13.310800,85.027494,11381066.70,42886.70,11338180.00,-4.548452,99.422000,0.376825
2025-07-25,10211503.38,8666923.38,1544580.00,-0.677357,13.310800,84.874118,11464126.70,42886.70,11421240.00,-3.851839,99.422000,0.374095
2025-07-28,10238843.38,8666923.38,1571920.00,-0.411433,13.310800,84.647485,11613846.70,42886.70,11570960.00,-2.596156,99.422000,0.369272
2025-07-29,10203783.38,8666923.38,1536860.00,-0.752445,13.310800,84.938332,11400116.70,42886.70,11357230.00,-4.388682,99.422000,0.376195
2025-07-30,10187183.38,8666923.38,1520260.00,-0.913906,13.310800,85.076739,11316916.70,42886.70,11274030.00,-5.086470,99.422000,0.378961
2025-07-31,10208703.38,8666923.38,1541780.00,-0.704591,13.310800,84.897396,11425476.70,42886.70,11382590.00,-4.175991,99.422000,0.375360
2025-08-01,10230743.38,8666923.38,1563820.00,-0.490218,13.310800,84.714503,11541746.70,42886.70,11498860.00,-3.200850,99.422000,0.371579
2025-08-04,10203683.38,8666923.38,1536760.00,-0.753418,13.310800,84.939164,11356666.70,42886.70,11313780.00,-4.753092,99.422000,0.377635
2025-08-05,10199003.38,8666923.38,1532080.00,-0.798938,13.310800,84.978140,11285076.70,42886.70,11242190.00,-5.353508,99.422000,0.380030
2025-08-06,10201263.38,8666923.38,1534340.00,-0.776956,13.310800,84.959314,11396056.70,42886.70,11353170.00,-4.422733,99.422000,0.376329
2025-08-07,10223643.38,8666923.38,1556720.00,-0.559276,13.310800,84.773334,11573546.70,42886.70,11530660.00,-2.934147,99.422000,0.370558
2025-08-08,10244143.38,8666923.38,1577220.00,-0.359882,13.310800,84.603691,11739446.70,42886.70,11696560.00,-1.542765,99.422000,0.365321
2025-08-12,10220363.38,8666923.38,1553440.00,-0.591179,13.310800,84.800540,11568456.70,42886.70,11525570.00,-2.976836,99.422000,0.370721
2025-08-13,10274563.38,8666923.38,1607640.00,-0.064001,13.310800,84.353204,11840756.70,42886.70,11797870.00,-0.693091,99.422000,0.362196
2025-08-14,10270583.38,8666923.38,1603660.00,-0.102712,13.310800,84.385892,11736016.70,42886.70,11693130.00,-1.571532,99.422000,0.365428
2025-08-15,10171723.38,8666923.38,1504800.00,-1.064279,13.310800,85.206047,11196586.70,42886.70,11153700.00,-6.095662,99.422000,0.383034
2025-08-18,10174043.38,8666923.38,1507120.00,-1.041713,13.310800,85.186617,11222596.70,42886.70,11179710.00,-5.877520,99.422000,0.382146
2025-08-19,10215643.38,8666923.38,1548720.00,-0.637089,13.310800,84.839721,11466696.70,42886.70,11423810.00,-3.830284,99.422000,0.374011
2025-08-20,10180843.38,8666923.38,1513920.00,-0.975572,13.310800,85.129719,11262846.70,42886.70,11219960.00,-5.539948,99.422000,0.380780
2025-08-21,10136723.38,8666923.38,1469800.00,-1.404708,13.310800,85.500246,11043336.70,42886.70,11000450.00,-7.380950,99.422000,0.388349
2025-08-22,10123363.38,8666923.38,1456440.00,-1.534654,13.310800,85.613082,10926806.70,42886.70,10883920.00,-8.358273,99.422000,0.392491
2025-08-25,10203443.38,8666923.38,1536520.00,-0.755753,13.310800,84.941162,11386296.70,42886.70,11343410.00,-4.504589,99.422000,0.376652
2025-08-26,10169483.38,8666923.38,1502560.00,-1.086066,13.310800,85.224815,11164316.70,42886.70,11121430.00,-6.366307,99.422000,0.384141
2025-08-27,10152663.38,8666923.38,1485740.00,-1.249666,13.310800,85.366007,11058156.70,42886.70,11015270.00,-7.256657,99.422000,0.387829
2025-08-28,10137943.38,8666923.38,1471020.00,-1.392841,13.310800,85.489956,10980896.70,42886.70,10938010.00,-7.904627,99.422000,0.390557
2025-08-29,10133223.38,8666923.38,1466300.00,-1.438750,13.310800,85.529777,10969336.70,42886.70,10926450.00,-8.001579,99.422000,0.390969
2025-09-01,10132903.38,8666923.38,1465980.00,-1.441863,13.310800,85.532478,11048676.70,42886.70,11005790.00,-7.336165,99.422000,0.388161
2025-09-02,10100643.38,8666923.38,1433720.00,-1.755641,13.310800,85.805657,10857296.70,42886.70,10814410.00,-8.941244,99.422000,0.395003
2025-09-03,10054683.38,8666923.38,1387760.00,-2.202673,13.310800,86.197875,10524216.70,42886.70,10481330.00,-11.734743,99.422000,0.407505
2025-09-04,10054863.38,8666923.38,1387940.00,-2.200923,13.310800,86.196332,10550856.70,42886.70,10507970.00,-11.511317,99.422000,0.406476
2025-09-05,10072283.38,8666923.38,1405360.00,-2.031486,13.310800,86.047255,10695266.70,42886.70,10652380.00,-10.300169,99.422000,0.400988
2025-09-08,10079323.38,8666923.38,1412400.00,-1.963011,13.310800,85.987155,10749036.70,42886.70,10706150.00,-9.849207,99.422000,0.398982
2025-09-09,10105663.38,8666923.38,1438740.00,-1.706814,13.310800,85.763033,10853906.70,42886.70,10811020.00,-8.969676,99.422000,0.395127
2025-09-10,10167363.38,8666923.38,1500440.00,-1.106686,13.310800,85.242585,11193606.70,42886.70,11150720.00,-6.120655,99.422000,0.383136
2025-09-11,10143083.38,8666923.38,1476160.00,-1.342847,13.310800,85.446634,11014116.70,42886.70,10971230.00,-7.626015,99.422000,0.389379
2025-09-12,10214903.38,8666923.38,1547980.00,-0.644286,13.310800,84.845867,11471176.70,42886.70,11428290.00,-3.792711,99.422000,0.373865
2025-09-16,10153943.38,8666923.38,1487020.00,-1.237216,13.310800,85.355246,11175296.70,42886.70,11132410.00,-6.274219,99.422000,0.383763
2025-09-17,10094823.38,8666923.38,1427900.00,-1.812250,13.310800,85.855126,10670786.70,42886.70,10627900.00,-10.505480,99.422000,0.401908
2025-09-18,10062683.38,8666923.38,1395760.00,-2.124861,13.310800,86.129346,10473766.70,42886.70,10430880.00,-12.157861,99.422000,0.409468
2025-09-19,10069983.38,8666923.38,1403060.00,-2.053857,13.310800,86.066908,10555616.70,42886.70,10512730.00,-11.471396,99.422000,0.406293
2025-09-22,10078123.38,8666923.38,1411200.00,-1.974683,13.310800,85.997393,10628136.70,42886.70,10585250.00,-10.863180,99.422000,0.403520
2025-09-24,10093743.38,8666923.38,1426820.00,-1.822754,13.310800,85.864313,10717746.70,42886.70,10674860.00,-10.111632,99.422000,0.400147
2025-09-25,10092803.38,8666923.38,1425880.00,-1.831897,13.310800,85.872310,10750976.70,42886.70,10708090.00,-9.832936,99.422000,0.398910
2025-09-26,10056603.38,8666923.38,1389680.00,-2.183998,13.310800,86.181418,10556226.70,42886.70,10513340.00,-11.466280,99.422000,0.406269
2025-09-29,10046903.38,8666923.38,1379980.00,-2.278346,13.310800,86.264624,10466076.70,42886.70,10423190.00,-12.222356,99.422000,0.409769
2025-09-30,10035043.38,8666923.38,1368120.00,-2.393703,13.310800,86.366576,10388496.70,42886.70,10345610.00,-12.873010,99.422000,0.412829
2025-10-01,9986283.38,8666923.38,1319360.00,-2.867969,13.310800,86.788278,10031716.70,42886.70,9988830.00,-15.865278,99.422000,0.427511
2025-10-02,9982103.38,8666923.38,1315180.00,-2.908626,13.310800,86.824621,10026626.70,42886.70,9983740.00,-15.907967,99.422000,0.427728
2025-10-03,9991043.38,8666923.38,1324120.00,-2.821671,13.310800,86.746930,10145446.70,42886.70,10102560.00,-14.911439,99.422000,0.422719
2025-10-06,10012043.38,8666923.38,1345120.00,-2.617413,13.310800,86.564980,10247496.70,42886.70,10204610.00,-14.055559,99.422000,0.418509
2025-10-07,10061043.38,8666923.38,1394120.00,-2.140812,13.310800,86.143385,10498146.70,42886.70,10455260.00,-11.953389,99.422000,0.408517
2025-10-08,10045863.38,8666923.38,1378940.00,-2.288461,13.310800,86.273554,10415856.70,42886.70,10372970.00,-12.643545,99.422000,0.411744
2025-10-09,10052563.38,8666923.38,1385640.00,-2.223294,13.310800,86.216053,10477256.70,42886.70,10434370.00,-12.128591,99.422000,0.409331
2025-10-10,10046623.38,8666923.38,1379700.00,-2.281069,13.310800,86.267028,10421536.70,42886.70,10378650.00,-12.595907,99.422000,0.411520
2025-10-14,9990023.38,8666923.38,1323100.00,-2.831592,13.310800,86.755787,10049636.70,42886.70,10006750.00,-15.714985,99.422000,0.426749
2025-10-15,10016703.38,8666923.38,1349780.00,-2.572087,13.310800,86.524708,10273976.70,42886.70,10231090.00,-13.833474,99.422000,0.417430
2025-10-16,10059623.38,8666923.38,1392700.00,-2.154624,13.310800,86.155545,10513086.70,42886.70,10470200.00,-11.828089,99.422000,0.407936
2025-10-17,10021623.38,8666923.38,1354700.00,-2.524233,13.310800,86.482230,10234336.70,42886.70,10191450.00,-14.165930,99.422000,0.419047
2025-10-20,10114243.38,8666923.38,1447320.00,-1.623360,13.310800,85.690279,10782996.70,42886.70,10740110.00,-9.564389,99.422000,0.397725
2025-10-21,10150523.38,8666923.38,1483600.00,-1.270481,13.310800,85.384005,10970636.70,42886.70,10927750.00,-7.990676,99.422000,0.390923
2025-10-22,10154943.38,8666923.38,1488020.00,-1.227490,13.310800,85.346841,11056496.70,42886.70,11013610.00,-7.270579,99.422000,0.387887
2025-10-23,10108303.38,8666923.38,1441380.00,-1.681136,13.310800,85.740634,10815176.70,42886.70,10772290.00,-9.294499,99.422000,0.396542
2025-10-24,10161483.38,8666923.38,1494560.00,-1.163878,13.310800,85.291911,11108816.70,42886.70,11065930.00,-6.831778,99.422000,0.386060
2025-10-27,10160783.38,8666923.38,1493860.00,-1.170687,13.310800,85.297787,11112866.70,42886.70,11069980.00,-6.797811,99.422000,0.385919
2025-10-28,10137923.38,8666923.38,1471000.00,-1.393036,13.310800,85.490125,10914436.70,42886.70,10871550.00,-8.462018,99.422000,0.392936
2025-10-29,10131303.38,8666923.38,1464380.00,-1.457425,13.310800,85.545986,10819226.70,42886.70,10776340.00,-9.260532,99.422000,0.396393
2025-10-30,10221823.38,8666923.38,1554900.00,-0.576979,13.310800,84.788428,11341386.70,42886.70,11298500.00,-4.881243,99.422000,0.378143
2025-10-31,10256903.38,8666923.38,1589980.00,-0.235771,13.310800,84.498440,11536226.70,42886.70,11493340.00,-3.247145,99.422000,0.371757
2025-11-04,10216363.38,8666923.38,1549440.00,-0.630086,13.310800,84.833742,11284856.70,42886.70,11241970.00,-5.355353,99.422000,0.380038
2025-11-05,10227463.38,8666923.38,1560540.00,-0.522121,13.310800,84.741671,11324756.70,42886.70,11281870.00,-5.020717,99.422000,0.378699
2025-11-06,10271263.38,8666923.38,1604340.00,-0.096098,13.310800,84.380305,11529556.70,42886.70,11486670.00,-3.303086,99.422000,0.371972
2025-11-07,10237263.38,8666923.38,1570340.00,-0.426801,13.310800,84.660549,11330606.70,42886.70,11287720.00,-4.971654,99.422000,0.378503
2025-11-10,10212743.38,8666923.38,1545820.00,-0.665296,13.310800,84.863812,11217546.70,42886.70,11174660.00,-5.919873,99.422000,0.382318
2025-11-11,10217863.38,8666923.38,1550940.00,-0.615496,13.310800,84.821289,11245756.70,42886.70,11202870.00,-5.683280,99.422000,0.381359
2025-11-12,10243003.38,8666923.38,1576080.00,-0.370970,13.310800,84.613107,11407526.70,42886.70,11364640.00,-4.326536,99.422000,0.375951
2025-11-13,10234143.38,8666923.38,1567220.00,-0.457148,13.310800,84.686359,11335896.70,42886.70,11293010.00,-4.927287,99.422000,0.378326
2025-11-14,10150243.38,8666923.38,1483320.00,-1.273205,13.310800,85.386360,10865896.70,42886.70,10823010.00,-8.869117,99.422000,0.394691
2025-11-17,10043083.38,8666923.38,1376160.00,-2.315501,13.310800,86.297435,10300916.70,42886.70,10258030.00,-13.607532,99.422000,0.416339
2025-11-18,10005143.38,8666923.38,1338220.00,-2.684526,13.310800,86.624679,10027096.70,42886.70,9984210.00,-15.904025,99.422000,0.427708
2025-11-19,9988583.38,8666923.38,1321660.00,-2.845598,13.310800,86.768294,9947416.70,42886.70,9904530.00,-16.572291,99.422000,0.431134
2025-11-20,10044623.38,8666923.38,1377700.00,-2.300522,13.310800,86.284205,10302436.70,42886.70,10259550.00,-13.594784,99.422000,0.416277
2025-11-21,10006843.38,8666923.38,1339920.00,-2.667991,13.310800,86.609963,10073996.70,42886.70,10031110.00,-15.510681,99.422000,0.425717
2025-11-25,9958043.38,8666923.38,1291120.00,-3.142647,13.310800,87.034401,9773696.70,42886.70,9730810.00,-18.029258,99.422000,0.438797
2025-11-26,9986443.38,8666923.38,1319520.00,-2.866413,13.310800,86.786887,9997146.70,42886.70,9954260.00,-16.155212,99.422000,0.428989
2025-11-27,10092503.38,8666923.38,1425580.00,-1.834815,13.310800,85.874862,10629926.70,42886.70,10587040.00,-10.848167,99.422000,0.403452
2025-11-28,10097563.38,8666923.38,1430640.00,-1.785599,13.310800,85.831829,10666306.70,42886.70,10623420.00,-10.543053,99.422000,0.402076
2025-12-01,10061583.38,8666923.38,1394660.00,-2.135560,13.310800,86.138762,10422466.70,42886.70,10379580.00,-12.588108,99.422000,0.411483
2025-12-02,10016183.38,8666923.38,1349260.00,-2.577145,13.310800,86.529200,10166266.70,42886.70,10123380.00,-14.736824,99.422000,0.421853
2025-12-03,10012003.38,8666923.38,1345080.00,-2.617802,13.310800,86.565326,10133926.70,42886.70,10091040.00,-15.008056,99.422000,0.423199
2025-12-04,10007163.38,8666923.38,1340240.00,-2.664879,13.310800,86.607194,10134406.70,42886.70,10091520.00,-15.004030,99.422000,0.423179
2025-12-05,10011643.38,8666923.38,1344720.00,-2.621304,13.310800,86.568439,10094746.70,42886.70,10051860.00,-15.336653,99.422000,0.424842
2025-12-08,10004463.38,8666923.38,1337540.00,-2.691140,13.310800,86.630567,10087056.70,42886.70,10044170.00,-15.401148,99.422000,0.425166
2025-12-09,9991603.38,8666923.38,1324680.00,-2.816224,13.310800,86.742068,9998126.70,42886.70,9955240.00,-16.146993,99.422000,0.428947
2025-12-10,9997743.38,8666923.38,1330820.00,-2.756503,13.310800,86.688796,10091896.70,42886.70,10049010.00,-15.360556,99.422000,0.424962
2025-12-11,9977783.38,8666923.38,1310860.00,-2.950645,13.310800,86.862212,9898366.70,42886.70,9855480.00,-16.983667,99.422000,0.433270
2025-12-12,9989943.38,8666923.38,1323020.00,-2.832370,13.310800,86.756481,10028096.70,42886.70,9985210.00,-15.895638,99.422000,0.427665
2025-12-15,10014183.38,8666923.38,1347260.00,-2.596598,13.310800,86.546482,10162516.70,42886.70,10119630.00,-14.768275,99.422000,0.422009
2025-12-16,9977563.38,8666923.38,1310640.00,-2.952784,13.310800,86.864128,10056756.70,42886.70,10013870.00,-15.655270,99.422000,0.426447
2025-12-17,9952363.38,8666923.38,1285440.00,-3.197893,13.310800,87.084073,9981406.70,42886.70,9938520.00,-16.287221,99.422000,0.429666
2025-12-18,9935463.38,8666923.38,1268540.00,-3.362272,13.310800,87.232201,9856556.70,42886.70,9813670.00,-17.334322,99.422000,0.435108
2025-12-19,9953643.38,8666923.38,1286720.00,-3.185443,13.310800,87.072874,9987246.70,42886.70,9944360.00,-16.238242,99.422000,0.429415
2025-12-22,9952583.38,8666923.38,1285660.00,-3.195754,13.310800,87.082148,9961016.70,42886.70,9918130.00,-16.458230,99.422000,0.430545
2025-12-23,9980343.38,8666923.38,1313420.00,-2.925745,13.310800,86.839932,10152596.70,42886.70,10109710.00,-14.851473,99.422000,0.422421
2025-12-24,9967963.38,8666923.38,1301040.00,-3.046159,13.310800,86.947785,10050506.70,42886.70,10007620.00,-15.707688,99.422000,0.426712
2025-12-25,10001683.38,8666923.38,1334760.00,-2.718180,13.310800,86.654647,10259266.70,42886.70,10216380.00,-13.956845,99.422000,0.418029
2025-12-26,9983443.38,8666923.38,1316520.00,-2.895592,13.310800,86.812967,10188496.70,42886.70,10145610.00,-14.550384,99.422000,0.420933
2025-12-29,10000303.38,8666923.38,1333380.00,-2.731603,13.310800,86.666605,10315876.70,42886.70,10272990.00,-13.482064,99.422000,0.415735
2025-12-30,10040243.38,8666923.38,1373320.00,-2.343125,13.310800,86.321846,10494996.70,42886.70,10452110.00,-11.979808,99.422000,0.408639
