code,name,label,evaluation_date,entry_date,entry_price,latest_date,latest_price,d1_trigger_date,d1_execution_date,d1_execution_price,d2_trigger_date,d2_execution_date,d2_execution_price,full_exit_rule,full_exit_trigger_date,full_exit_date,full_exit_price,remaining_fraction,realized_cash_multiple,terminal_mark_multiple,gross_value_multiple,gross_pnl_pct,buy_hold_multiple,buy_hold_pnl_pct,difference_vs_buy_hold_pct_points,pending_rule,pending_trigger_date,actions
2471,エスプール,10x-3Y,2016-08-31,2016-09-01,50.040001,2026-08-28,291,2018-03-30,2018-04-02,281.799988,2019-04-26,2019-05-07,505.399994,S-D4,2023-03-31,2023-04-03,608,0.000000,10.231415,0.000000,10.231415,923.14,5.815348,481.53,441.61,,,S-D1@2018-03-30->2018-04-02:0.20Q0@281.799988; S-D2@2019-04-26->2019-05-07:0.30Q0@505.399994; S-D4@2023-03-31->2023-04-03:0.50Q0@608
2722,ＩＫホールディングス,10x-3Y,2016-08-31,2016-09-01,223,2026-08-28,358,2017-07-31,2017-08-01,1507.5,2017-10-31,2017-11-01,2432.5,S-D4,2018-10-31,2018-11-01,1059,0.000000,6.998879,0.000000,6.998879,599.89,1.605381,60.54,539.35,,,S-D1@2017-07-31->2017-08-01:0.20Q0@1507.5; S-D2@2017-10-31->2017-11-01:0.30Q0@2432.5; S-D4@2018-10-31->2018-11-01:0.50Q0@1059
2930,北の達人コーポレーション,10x-3Y,2016-08-31,2016-09-01,37,2026-08-28,133,2017-07-31,2017-08-01,189,2017-12-29,2018-01-04,479.666656,S-D4,2018-12-28,2019-01-04,362,0.000000,9.802703,0.000000,9.802703,880.27,3.594595,259.46,620.81,,,S-D1@2017-07-31->2017-08-01:0.20Q0@189; S-D2@2017-12-29->2018-01-04:0.30Q0@479.666656; S-D4@2018-12-28->2019-01-04:0.50Q0@362
3053,ペッパーフードサービス,10x-3Y,2016-08-31,2016-09-01,502,2026-08-28,207,2017-08-31,2017-09-01,3385,2017-10-31,2017-11-01,6900,S-D4,2018-10-31,2018-11-01,3125,0.000000,8.584661,0.000000,8.584661,758.47,0.412351,-58.76,817.23,,,S-D1@2017-08-31->2017-09-01:0.20Q0@3385; S-D2@2017-10-31->2017-11-01:0.30Q0@6900; S-D4@2018-10-31->2018-11-01:0.50Q0@3125
3810,サイバーステップホールディングス,10x-3Y,2016-08-31,2016-09-01,318,2026-08-28,188,2017-04-28,2017-05-01,1925,2017-06-30,2017-07-03,7350,S-D4,2017-08-31,2017-09-01,3040,0.000000,12.924528,0.000000,12.924528,1192.45,0.591195,-40.88,1233.33,,,S-D1@2017-04-28->2017-05-01:0.20Q0@1925; S-D2@2017-06-30->2017-07-03:0.30Q0@7350; S-D4@2017-08-31->2017-09-01:0.50Q0@3040
5304,ＳＥＣカーボン,10x-3Y,2016-08-31,2016-09-01,394,2026-08-28,2593,2018-05-31,2018-06-01,2816,2018-09-28,2018-10-01,4052,S-D4,2019-01-31,2019-02-01,2004,0.000000,7.057868,0.000000,7.057868,605.79,6.581218,558.12,47.66,,,S-D1@2018-05-31->2018-06-01:0.20Q0@2816; S-D2@2018-09-28->2018-10-01:0.30Q0@4052; S-D4@2019-01-31->2019-02-01:0.50Q0@2004
6240,ヤマシンフィルタ,10x-3Y,2016-08-31,2016-09-01,95.199997,2026-08-28,537,2017-05-31,2017-06-01,473.200012,2017-11-30,2017-12-01,1460,S-D4,2019-01-31,2019-02-01,643,0.000000,8.972059,0.000000,8.972059,797.21,5.640756,464.08,333.13,,,S-D1@2017-05-31->2017-06-01:0.20Q0@473.200012; S-D2@2017-11-30->2017-12-01:0.30Q0@1460; S-D4@2019-01-31->2019-02-01:0.50Q0@643
6630,ヤーマン,10x-3Y,2016-08-31,2016-09-01,231.399994,2026-08-28,801,2017-09-29,2017-10-02,1220,2018-03-30,2018-04-02,2387,S-D4,2019-04-26,2019-05-07,1087,0.000000,6.497839,0.000000,6.497839,549.78,3.461539,246.15,303.63,,,S-D1@2017-09-29->2017-10-02:0.20Q0@1220; S-D2@2018-03-30->2018-04-02:0.30Q0@2387; S-D4@2019-04-26->2019-05-07:0.50Q0@1087
8023,ＤＡＩＫＯ　ＸＴＥＣＨ,10x-3Y,2016-08-31,2016-09-01,133,2026-08-28,1038,2017-09-29,2017-10-02,1099,2017-10-31,2017-11-01,1487,S-D4,2018-07-31,2018-08-01,670,0.000000,7.525564,0.000000,7.525564,652.56,7.804511,680.45,-27.89,,,S-D1@2017-09-29->2017-10-02:0.20Q0@1099; S-D2@2017-10-31->2017-11-01:0.30Q0@1487; S-D4@2018-07-31->2018-08-01:0.50Q0@670
9820,エムティジェネックス,10x-3Y,2016-08-31,2016-09-02,1320,2026-08-28,3840,2018-08-31,2018-09-03,24990,2018-08-31,2018-09-03,24990,S-D4,2018-11-30,2018-12-03,15700,0.000000,15.412879,0.000000,15.412879,1441.29,2.909091,190.91,1250.38,,,S-D1@2018-08-31->2018-09-03:0.20Q0@24990; S-D2@2018-08-31->2018-09-03:0.30Q0@24990; S-D4@2018-11-30->2018-12-03:0.50Q0@15700
3825,リミックスポイント,10x-3Y,2016-10-31,2016-11-01,145,2026-08-28,265,2017-05-31,2017-06-01,890,2017-06-30,2017-07-03,1425,S-D4,2017-12-29,2018-01-04,659,0.000000,6.448276,0.000000,6.448276,544.83,1.827586,82.76,462.07,,,S-D1@2017-05-31->2017-06-01:0.20Q0@890; S-D2@2017-06-30->2017-07-03:0.30Q0@1425; S-D4@2017-12-29->2018-01-04:0.50Q0@659
6035,アイ・アールジャパンホールディングス,10x-3Y,2017-03-31,2017-04-03,616.5,2026-08-28,746,2019-08-30,2019-09-02,4260,2020-02-28,2020-03-02,6740,S-C6,2020-04-03,2020-04-06,5180,0.000000,8.862936,0.000000,8.862936,786.29,1.210057,21.01,765.29,,,S-D1@2019-08-30->2019-09-02:0.20Q0@4260; S-D2@2020-02-28->2020-03-02:0.30Q0@6740; S-C6@2020-04-03->2020-04-06:0.50Q0@5180
6544,ジャパンエレベーターサービスホールディングス,10x-3Y,2017-03-31,2017-04-03,67.4375,2026-08-28,1561.5,2018-07-31,2018-08-01,339.5,2019-06-28,2019-07-01,698.75,S-C6,2020-04-03,2020-04-06,600.5,0.000000,8.567563,0.000000,8.567563,756.76,23.154773,2215.48,-1458.72,,,S-D1@2018-07-31->2018-08-01:0.20Q0@339.5; S-D2@2019-06-28->2019-07-01:0.30Q0@698.75; S-C6@2020-04-03->2020-04-06:0.50Q0@600.5
6920,レーザーテック,10x-3Y,2017-04-28,2017-05-01,671,2026-08-28,34640,2019-09-30,2019-10-01,3425,2020-04-30,2020-05-01,7130,S-C6,2020-05-01,2020-05-07,7500,0.000000,9.797317,0.000000,9.797317,879.73,51.624441,5062.44,-4182.71,,,S-D1@2019-09-30->2019-10-01:0.20Q0@3425; S-D2@2020-04-30->2020-05-01:0.30Q0@7130; S-C6@2020-05-01->2020-05-07:0.50Q0@7500
4970,東洋合成工業,10x-3Y,2017-05-31,2017-06-01,810,2026-08-28,11460,2019-12-30,2020-01-06,4295,2020-05-29,2020-06-01,8640,S-C6,2020-06-01,2020-06-02,8600,0.000000,9.569136,0.000000,9.569136,856.91,14.148148,1314.81,-457.90,,,S-D1@2019-12-30->2020-01-06:0.20Q0@4295; S-D2@2020-05-29->2020-06-01:0.30Q0@8640; S-C6@2020-06-01->2020-06-02:0.50Q0@8600
6195,ホープ,10x-3Y,2017-08-31,2017-09-01,302.25,2026-08-28,203,2019-11-29,2019-12-02,2045,2019-12-30,2020-01-06,2920,S-D4,2021-01-29,2021-02-01,2635,0.000000,8.610422,0.000000,8.610422,761.04,0.671629,-32.84,793.88,,,S-D1@2019-11-29->2019-12-02:0.20Q0@2045; S-D2@2019-12-30->2020-01-06:0.30Q0@2920; S-D4@2021-01-29->2021-02-01:0.50Q0@2635
4308,Ｊストリーム,10x-3Y,2017-11-30,2017-12-01,250,2026-08-28,361,2020-07-31,2020-08-03,1590,2020-11-30,2020-12-01,3045,S-D4,2021-08-31,2021-09-01,1427.5,0.000000,7.781000,0.000000,7.781000,678.10,1.444000,44.40,633.70,,,S-D1@2020-07-31->2020-08-03:0.20Q0@1590; S-D2@2020-11-30->2020-12-01:0.30Q0@3045; S-D4@2021-08-31->2021-09-01:0.50Q0@1427.5
3998,すららネット,10x-3Y,2017-12-29,2018-01-04,696,2026-08-28,298,2020-06-30,2020-07-01,3635,2020-09-30,2020-10-02,6920,S-C6,2021-01-04,2021-01-05,5460,0.000000,7.949713,0.000000,7.949713,694.97,0.428161,-57.18,752.16,,,S-D1@2020-06-30->2020-07-01:0.20Q0@3635; S-D2@2020-09-30->2020-10-02:0.30Q0@6920; S-C6@2021-01-04->2021-01-05:0.50Q0@5460
9519,レノバ,10x-3Y,2017-12-29,2018-01-04,297,2026-08-28,905,2020-10-30,2020-11-02,1698,2020-12-30,2021-01-04,4280,S-D4,2022-01-31,2022-02-01,1591,0.000000,8.145118,0.000000,8.145118,714.51,3.047138,204.71,509.80,,,S-D1@2020-10-30->2020-11-02:0.20Q0@1698; S-D2@2020-12-30->2021-01-04:0.30Q0@4280; S-D4@2022-01-31->2022-02-01:0.50Q0@1591
3962,チェンジホールディングス,10x-3Y,2018-04-27,2018-05-01,405,2026-08-28,1028,2020-07-31,2020-08-03,2325,2020-09-30,2020-10-02,4160,S-C6,2021-05-06,2021-05-07,3320,0.000000,8.328395,0.000000,8.328395,732.84,2.538272,153.83,579.01,,,S-D1@2020-07-31->2020-08-03:0.20Q0@2325; S-D2@2020-09-30->2020-10-02:0.30Q0@4160; S-C6@2021-05-06->2021-05-07:0.50Q0@3320
6532,ベイカレント,10x-3Y,2018-06-29,2018-07-02,355.5,2026-08-28,8126,2020-12-30,2021-01-04,1877,2021-06-30,2021-07-01,3665,,,,,0.500000,4.148805,11.428973,15.577778,1457.78,22.857947,2185.79,-728.02,,,S-D1@2020-12-30->2021-01-04:0.20Q0@1877; S-D2@2021-06-30->2021-07-01:0.30Q0@3665
1407,ウエストホールディングス,10x-3Y,2018-08-31,2018-09-03,462.130188,2026-08-28,2760,2020-10-30,2020-11-02,2734.615479,2021-07-30,2021-08-02,4880,S-C6,2021-09-03,2021-09-06,5360,0.000000,10.150653,0.000000,10.150653,915.07,5.972343,497.23,417.83,,,S-D1@2020-10-30->2020-11-02:0.20Q0@2734.615479; S-D2@2021-07-30->2021-08-02:0.30Q0@4880; S-C6@2021-09-03->2021-09-06:0.50Q0@5360
7033,マネジメントソリューションズ,10x-3Y,2018-09-28,2018-10-01,303.555542,2026-08-28,1702,2020-09-30,2020-10-02,1578,2021-09-30,2021-10-01,3490,S-D4,2024-04-30,2024-05-01,1726,0.000000,7.331772,0.000000,7.331772,633.18,5.606882,460.69,172.49,,,S-D1@2020-09-30->2020-10-02:0.20Q0@1578; S-D2@2021-09-30->2021-10-01:0.30Q0@3490; S-D4@2024-04-30->2024-05-01:0.50Q0@1726
3856,Ａｂａｌａｎｃｅ,10x-3Y,2018-10-31,2018-11-01,190,2026-08-28,211,2020-11-30,2020-12-01,1076.666626,2021-04-30,2021-05-06,2056.666748,S-C6,2021-11-01,2021-11-02,1783.333374,0.000000,9.073684,0.000000,9.073684,807.37,1.110526,11.05,796.32,,,S-D1@2020-11-30->2020-12-01:0.20Q0@1076.666626; S-D2@2021-04-30->2021-05-06:0.30Q0@2056.666748; S-C6@2021-11-01->2021-11-02:0.50Q0@1783.333374
3936,グローバルウェイ,10x-3Y,2018-10-31,2018-11-01,88.333336,2026-08-28,153,,,,,,,S-C1,2020-02-28,2020-03-02,41.633331,0.000000,0.471321,0.000000,0.471321,-52.87,1.732075,73.21,-126.08,,,S-C1@2020-02-28->2020-03-02:1.00Q0@41.633331
3377,バイク王＆カンパニー,10x-3Y,2018-12-28,2019-01-04,152,2026-08-28,396,2021-06-30,2021-07-01,743,2021-08-31,2021-09-01,1808,S-C6,2022-01-04,2022-01-05,1015,0.000000,7.884868,0.000000,7.884868,688.49,2.605263,160.53,527.96,,,S-D1@2021-06-30->2021-07-01:0.20Q0@743; S-D2@2021-08-31->2021-09-01:0.30Q0@1808; S-C6@2022-01-04->2022-01-05:0.50Q0@1015
6564,ミダックホールディングス,10x-3Y,2018-12-28,2019-01-04,271.153839,2026-08-28,2059,2020-11-30,2020-12-01,1682.5,2021-05-31,2021-06-01,3015,S-D4,2022-02-28,2022-03-01,2455,0.000000,9.103688,0.000000,9.103688,810.37,7.593475,659.35,151.02,,,S-D1@2020-11-30->2020-12-01:0.20Q0@1682.5; S-D2@2021-05-31->2021-06-01:0.30Q0@3015; S-D4@2022-02-28->2022-03-01:0.50Q0@2455
6966,三井ハイテック,10x-3Y,2018-12-28,2019-01-04,162,2026-08-28,947,2021-01-29,2021-02-01,836,2021-10-29,2021-11-01,1838,S-D4,2024-08-30,2024-09-02,1036,0.000000,7.633333,0.000000,7.633333,663.33,5.845679,484.57,178.77,,,S-D1@2021-01-29->2021-02-01:0.20Q0@836; S-D2@2021-10-29->2021-11-01:0.30Q0@1838; S-D4@2024-08-30->2024-09-02:0.50Q0@1036
2158,ＦＲＯＮＴＥＯ,10x-3Y,2019-05-31,2019-06-03,336,2026-08-28,644,2021-08-31,2021-09-01,1829,2021-11-30,2021-12-01,2900,S-D4,2022-04-28,2022-05-02,1456,0.000000,5.844643,0.000000,5.844643,484.46,1.916667,91.67,392.80,,,S-D1@2021-08-31->2021-09-01:0.20Q0@1829; S-D2@2021-11-30->2021-12-01:0.30Q0@2900; S-D4@2022-04-28->2022-05-02:0.50Q0@1456
6338,タカトリ,10x-3Y,2019-11-29,2019-12-02,615,2026-08-28,1653,2022-09-30,2022-10-03,3225,2022-11-30,2022-12-01,7770,S-D4,2024-04-30,2024-05-01,4015,0.000000,8.103252,0.000000,8.103252,710.33,2.687805,168.78,541.54,,,S-D1@2022-09-30->2022-10-03:0.20Q0@3225; S-D2@2022-11-30->2022-12-01:0.30Q0@7770; S-D4@2024-04-30->2024-05-01:0.50Q0@4015
7187,ジェイリース,10x-3Y,2020-02-28,2020-03-02,144.5,2026-08-28,1375,2021-07-30,2021-08-02,768.5,2022-11-30,2022-12-01,1510,S-C6,2023-03-02,2023-03-03,1160,0.000000,8.212457,0.000000,8.212457,721.25,9.515571,851.56,-130.31,,,S-D1@2021-07-30->2021-08-02:0.20Q0@768.5; S-D2@2022-11-30->2022-12-01:0.30Q0@1510; S-C6@2023-03-02->2023-03-03:0.50Q0@1160
2767,円谷フィールズホールディングス,10x-3Y,2020-03-31,2020-04-01,141.5,2026-08-28,2605,2022-09-30,2022-10-03,798,2023-02-28,2023-03-01,2180,S-D4,2023-11-30,2023-12-01,1113,0.000000,9.682686,0.000000,9.682686,868.27,18.409894,1740.99,-872.72,,,S-D1@2022-09-30->2022-10-03:0.20Q0@798; S-D2@2023-02-28->2023-03-01:0.30Q0@2180; S-D4@2023-11-30->2023-12-01:0.50Q0@1113
3496,アズーム,10x-3Y,2020-03-31,2020-04-01,203,2026-08-28,4995,2020-11-30,2020-12-01,1362.5,2022-08-31,2022-09-01,2130,,,,,0.500000,4.490148,12.302956,16.793103,1579.31,24.605911,2360.59,-781.28,,,S-D1@2020-11-30->2020-12-01:0.20Q0@1362.5; S-D2@2022-08-31->2022-09-01:0.30Q0@2130
3663,セルシス,10x-3Y,2020-03-31,2020-04-01,111.75,2026-08-28,1988,2020-12-30,2021-01-04,616,2021-10-29,2021-11-01,1219,S-C6,2023-04-03,2023-04-04,681,0.000000,7.421924,0.000000,7.421924,642.19,17.789709,1678.97,-1036.78,,,S-D1@2020-12-30->2021-01-04:0.20Q0@616; S-D2@2021-10-29->2021-11-01:0.30Q0@1219; S-C6@2023-04-03->2023-04-04:0.50Q0@681
4393,バンク・オブ・イノベーション,10x-3Y,2020-03-31,2020-04-01,1350,2026-08-28,5950,2022-10-31,2022-11-01,15800,2022-10-31,2022-11-01,15800,S-C6,2023-04-03,2023-04-04,6690,0.000000,8.329630,0.000000,8.329630,732.96,4.407407,340.74,392.22,,,S-D1@2022-10-31->2022-11-01:0.20Q0@15800; S-D2@2022-10-31->2022-11-01:0.30Q0@15800; S-C6@2023-04-03->2023-04-04:0.50Q0@6690
4477,ＢＡＳＥ,10x-3Y,2020-03-31,2020-04-01,213.600006,2026-08-28,316,2020-07-31,2020-08-03,1418,2020-09-30,2020-10-02,2308,S-D4,2021-08-31,2021-09-01,1154,0.000000,7.270599,0.000000,7.270599,627.06,1.479401,47.94,579.12,,,S-D1@2020-07-31->2020-08-03:0.20Q0@1418; S-D2@2020-09-30->2020-10-02:0.30Q0@2308; S-D4@2021-08-31->2021-09-01:0.50Q0@1154
6580,ライトアップ,10x-3Y,2020-03-31,2020-04-01,395,2026-08-28,916,2021-02-26,2021-03-01,2810,2021-10-29,2021-11-01,4130,S-D4,2022-06-30,2022-07-01,1554,0.000000,6.526582,0.000000,6.526582,552.66,2.318987,131.90,420.76,,,S-D1@2021-02-26->2021-03-01:0.20Q0@2810; S-D2@2021-10-29->2021-11-01:0.30Q0@4130; S-D4@2022-06-30->2022-07-01:0.50Q0@1554
7095,Ｍａｃｂｅｅ　Ｐｌａｎｅｔ,10x-3Y,2020-03-31,2020-04-01,420.75,2026-08-28,1285,2021-09-30,2021-10-01,2170,2023-03-31,2023-04-03,4827.5,S-C6,2023-04-03,2023-04-04,4830,0.000000,10.213310,0.000000,10.213310,921.33,3.054070,205.41,715.92,,,S-D1@2021-09-30->2021-10-01:0.20Q0@2170; S-D2@2023-03-31->2023-04-03:0.30Q0@4827.5; S-C6@2023-04-03->2023-04-04:0.50Q0@4830
8139,ナガホリ,10x-3Y,2020-03-31,2020-04-01,165,2026-08-28,2268,2022-07-29,2022-08-01,947,2022-10-31,2022-11-01,1634,S-C6,2023-04-03,2023-04-04,1046,0.000000,7.288485,0.000000,7.288485,628.85,13.745455,1274.55,-645.70,,,S-D1@2022-07-29->2022-08-01:0.20Q0@947; S-D2@2022-10-31->2022-11-01:0.30Q0@1634; S-C6@2023-04-03->2023-04-04:0.50Q0@1046
9107,川崎汽船,10x-3Y,2020-03-31,2020-04-01,88.888885,2026-08-28,3382,2021-08-31,2021-09-01,595.555542,2022-02-28,2022-03-01,914.444458,,,,,0.500000,4.426250,19.023751,23.450001,2245.00,38.047502,3704.75,-1459.75,,,S-D1@2021-08-31->2021-09-01:0.20Q0@595.555542; S-D2@2022-02-28->2022-03-01:0.30Q0@914.444458
9268,オプティマスグループ,10x-3Y,2020-11-30,2020-12-01,69.416664,2026-08-28,432,2023-08-31,2023-09-01,366.25,2023-11-30,2023-12-01,743.5,S-C6,2023-12-01,2023-12-04,777.5,0.000000,9.868668,0.000000,9.868668,886.87,6.223290,522.33,364.54,,,S-D1@2023-08-31->2023-09-01:0.20Q0@366.25; S-D2@2023-11-30->2023-12-01:0.30Q0@743.5; S-C6@2023-12-01->2023-12-04:0.50Q0@777.5
1514,住石ホールディングス,10x-3Y,2021-01-29,2021-02-01,110,2026-08-28,669,2023-11-30,2023-12-01,798,2024-01-31,2024-02-01,1725,S-D4,2024-04-30,2024-05-01,1267,0.000000,11.914545,0.000000,11.914545,1091.45,6.081818,508.18,583.27,,,S-D1@2023-11-30->2023-12-01:0.20Q0@798; S-D2@2024-01-31->2024-02-01:0.30Q0@1725; S-D4@2024-04-30->2024-05-01:0.50Q0@1267
6016,ジャパンエンジンコーポレーション,10x-3Y,2021-02-26,2021-03-01,328,2026-08-28,11200,2023-09-29,2023-10-02,1686.666626,2024-02-29,2024-03-01,4826.666504,,,,,0.500000,5.443089,17.073171,22.516260,2151.63,34.146341,3314.63,-1163.01,,,S-D1@2023-09-29->2023-10-02:0.20Q0@1686.666626; S-D2@2024-02-29->2024-03-01:0.30Q0@4826.666504
7014,名村造船所,10x-3Y,2021-02-26,2021-03-01,188,2026-08-28,4880,2023-11-30,2023-12-01,1075,2024-02-29,2024-03-01,2072,S-C6,2024-03-01,2024-03-04,2153,0.000000,10.176064,0.000000,10.176064,917.61,25.957447,2495.74,-1578.14,,,S-D1@2023-11-30->2023-12-01:0.20Q0@1075; S-D2@2024-02-29->2024-03-01:0.30Q0@2072; S-C6@2024-03-01->2024-03-04:0.50Q0@2153
3778,さくらインターネット,10x-3Y,2021-05-31,2021-06-01,622,2026-08-28,3865,2024-01-31,2024-02-01,3810,2024-02-29,2024-03-01,7360,S-C6,2024-06-03,2024-06-04,5160,0.000000,8.922830,0.000000,8.922830,792.28,6.213826,521.38,270.90,,,S-D1@2024-01-31->2024-02-01:0.20Q0@3810; S-D2@2024-02-29->2024-03-01:0.30Q0@7360; S-C6@2024-06-03->2024-06-04:0.50Q0@5160
3399,丸千代山岡家,10x-3Y,2021-12-30,2022-01-04,239.75,2026-08-28,4050,2024-01-31,2024-02-01,1282.5,2024-12-30,2025-01-06,2357.5,S-C6,2025-01-06,2025-01-07,2357.5,0.000000,8.936392,0.000000,8.936392,793.64,16.892596,1589.26,-795.62,,,S-D1@2024-01-31->2024-02-01:0.20Q0@1282.5; S-D2@2024-12-30->2025-01-06:0.30Q0@2357.5; S-C6@2025-01-06->2025-01-07:0.50Q0@2357.5
4575,キャンバス,10x-3Y,2021-12-30,2022-01-04,175,2026-08-28,884,2022-11-30,2022-12-01,1101,2023-01-31,2023-02-01,1786,S-D4,2023-08-31,2023-09-01,966,0.000000,7.080000,0.000000,7.080000,608.00,5.051429,405.14,202.86,,,S-D1@2022-11-30->2022-12-01:0.20Q0@1101; S-D2@2023-01-31->2023-02-01:0.30Q0@1786; S-D4@2023-08-31->2023-09-01:0.50Q0@966
4935,リベルタ,10x-3Y,2021-12-30,2022-01-04,69,2026-08-28,211,,,,,,,S-C4,2023-01-16,2023-01-17,54.5,0.000000,0.789855,0.000000,0.789855,-21.01,3.057971,205.80,-226.81,,,S-C4@2023-01-16->2023-01-17:1.00Q0@54.5
5803,フジクラ,10x-3Y,2021-12-30,2022-01-04,96.833336,2026-08-28,5340,2024-05-31,2024-06-03,512.666687,2024-12-30,2025-01-06,1101.333374,,,,,0.500000,4.470912,27.573149,32.044061,3104.41,55.146298,5414.63,-2310.22,,,S-D1@2024-05-31->2024-06-03:0.20Q0@512.666687; S-D2@2024-12-30->2025-01-06:0.30Q0@1101.333374
7692,アースインフィニティ,10x-3Y,2021-12-30,2022-01-04,46.277779,2026-08-28,80,,,,,,,S-C3,2022-07-08,2022-07-11,28.277777,0.000000,0.611044,0.000000,0.611044,-38.90,1.728691,72.87,-111.76,,,S-C3@2022-07-08->2022-07-11:1.00Q0@28.277777
3350,メタプラネット,10x-3Y,2022-01-31,2022-02-01,34,2026-08-28,346,,,,,,,S-C1,2023-11-30,2023-12-01,17,0.000000,0.500000,0.000000,0.500000,-50.00,10.176471,917.65,-967.65,,,S-C1@2023-11-30->2023-12-01:1.00Q0@17
6632,ＪＶＣケンウッド,10x-3Y,2022-01-31,2022-02-01,175,2026-08-28,1036.5,2024-03-29,2024-04-01,926,2025-01-31,2025-02-03,1747.5,S-C6,2025-02-03,2025-02-04,1463,0.000000,8.234000,0.000000,8.234000,723.40,5.922857,492.29,231.11,,,S-D1@2024-03-29->2024-04-01:0.20Q0@926; S-D2@2025-01-31->2025-02-03:0.30Q0@1747.5; S-C6@2025-02-03->2025-02-04:0.50Q0@1463
5721,エスクリプトエナジー,10x-3Y,2022-06-30,2022-07-01,26,2026-08-28,60,,,,,,,S-C5,2024-07-19,2024-07-22,23,0.000000,0.884615,0.000000,0.884615,-11.54,2.307692,130.77,-142.31,,,S-C5@2024-07-19->2024-07-22:1.00Q0@23
6574,コンヴァノ,10x-3Y,2022-06-30,2022-07-01,6.03,2026-08-28,114,2025-05-30,2025-06-02,52.400002,2025-06-30,2025-07-01,79.099998,S-D4,2025-11-28,2025-12-01,114,0.000000,15.126036,0.000000,15.126036,1412.60,18.905473,1790.55,-377.94,,,S-D1@2025-05-30->2025-06-02:0.20Q0@52.400002; S-D2@2025-06-30->2025-07-01:0.30Q0@79.099998; S-D4@2025-11-28->2025-12-01:0.50Q0@114
3905,データセクション,10x-3Y,2022-07-29,2022-08-01,285,2026-08-28,1727,2024-04-30,2024-05-01,2420,2025-07-31,2025-08-01,3130,S-D4,2026-03-31,2026-04-01,1373,0.000000,7.401754,0.000000,7.401754,640.18,6.059649,505.96,134.21,,,S-D1@2024-04-30->2024-05-01:0.20Q0@2420; S-D2@2025-07-31->2025-08-01:0.30Q0@3130; S-D4@2026-03-31->2026-04-01:0.50Q0@1373
6573,ＣＲＡＶＩＡ,10x-3Y,2022-08-31,2022-09-01,81,2026-08-28,30,2023-08-31,2023-09-01,543.333313,2023-09-29,2023-10-02,800,S-D4,2024-02-29,2024-03-01,160,0.000000,5.292181,0.000000,5.292181,429.22,0.370370,-62.96,492.18,,,S-D1@2023-08-31->2023-09-01:0.20Q0@543.333313; S-D2@2023-09-29->2023-10-02:0.30Q0@800; S-D4@2024-02-29->2024-03-01:0.50Q0@160
7003,三井Ｅ＆Ｓ,10x-3Y,2022-08-31,2022-09-01,422,2026-08-28,4556,2025-05-30,2025-06-02,2299,2025-08-29,2025-09-01,4505,S-C6,2025-09-01,2025-09-02,4350,0.000000,9.446209,0.000000,9.446209,844.62,10.796209,979.62,-135.00,,,S-D1@2025-05-30->2025-06-02:0.20Q0@2299; S-D2@2025-08-29->2025-09-01:0.30Q0@4505; S-C6@2025-09-01->2025-09-02:0.50Q0@4350
7273,イクヨ,10x-3Y,2022-08-31,2022-09-01,113.5,2026-08-28,601,2025-06-30,2025-07-01,702,2025-08-29,2025-09-01,1272,S-C6,2025-09-01,2025-09-02,1268,0.000000,10.185022,0.000000,10.185022,918.50,5.295154,429.52,488.99,,,S-D1@2025-06-30->2025-07-01:0.20Q0@702; S-D2@2025-08-29->2025-09-01:0.30Q0@1272; S-C6@2025-09-01->2025-09-02:0.50Q0@1268
8105,Ｂｉｔｃｏｉｎ　Ｊａｐａｎ,10x-3Y,2022-08-31,2022-09-01,51,2026-08-28,89,,,,,,,S-C5,2024-09-19,2024-09-20,44,0.000000,0.862745,0.000000,0.862745,-13.73,1.745098,74.51,-88.24,,,S-C5@2024-09-19->2024-09-20:1.00Q0@44
4889,レナサイエンス,10x-3Y,2022-10-31,2022-11-01,301,2026-08-28,1345,2025-06-30,2025-07-01,1932,2025-07-31,2025-08-01,2976,S-C6,2025-11-04,2025-11-05,1949,0.000000,7.487375,0.000000,7.487375,648.74,4.468439,346.84,301.89,,,S-D1@2025-06-30->2025-07-01:0.20Q0@1932; S-D2@2025-07-31->2025-08-01:0.30Q0@2976; S-C6@2025-11-04->2025-11-05:0.50Q0@1949
6857,アドバンテスト,10x-3Y,2022-10-31,2022-11-01,1967.5,2026-08-28,35270,2025-06-30,2025-07-01,10765,2025-10-31,2025-11-04,21780,S-C6,2025-11-04,2025-11-05,20485,0.000000,9.621093,0.000000,9.621093,862.11,17.926302,1692.63,-830.52,,,S-D1@2025-06-30->2025-07-01:0.20Q0@10765; S-D2@2025-10-31->2025-11-04:0.30Q0@21780; S-C6@2025-11-04->2025-11-05:0.50Q0@20485
7018,内海造船,10x-3Y,2022-10-31,2022-11-01,1253,2026-08-28,13280,2025-08-29,2025-09-01,9160,2025-10-31,2025-11-04,16450,S-C6,2025-11-04,2025-11-05,16800,0.000000,12.104549,0.000000,12.104549,1110.45,10.598563,959.86,150.60,,,S-D1@2025-08-29->2025-09-01:0.20Q0@9160; S-D2@2025-10-31->2025-11-04:0.30Q0@16450; S-C6@2025-11-04->2025-11-05:0.50Q0@16800
6269,三井海洋開発,10x-3Y,2022-11-30,2022-12-01,1528,2026-08-28,9843,2025-08-29,2025-09-01,7690,2025-11-28,2025-12-01,15030,S-C6,2025-12-01,2025-12-02,13925,0.000000,8.514071,0.000000,8.514071,751.41,6.441754,544.18,207.23,,,S-D1@2025-08-29->2025-09-01:0.20Q0@7690; S-D2@2025-11-28->2025-12-01:0.30Q0@15030; S-C6@2025-12-01->2025-12-02:0.50Q0@13925
3692,ＦＦＲＩセキュリティ,10x-3Y,2022-12-30,2023-01-04,981,2026-08-28,5710,2025-06-30,2025-07-01,6150,2025-10-31,2025-11-04,11100,S-C6,2026-01-05,2026-01-06,7240,0.000000,8.338430,0.000000,8.338430,733.84,5.820591,482.06,251.78,,,S-D1@2025-06-30->2025-07-01:0.20Q0@6150; S-D2@2025-10-31->2025-11-04:0.30Q0@11100; S-C6@2026-01-05->2026-01-06:0.50Q0@7240
4570,免疫生物研究所,10x-3Y,2022-12-30,2023-01-04,311,2026-08-28,1110,2025-11-28,2025-12-01,3820,2025-11-28,2025-12-01,3820,S-C6,2026-01-05,2026-01-06,1833,0.000000,9.088424,0.000000,9.088424,808.84,3.569132,256.91,551.93,,,S-D1@2025-11-28->2025-12-01:0.20Q0@3820; S-D2@2025-11-28->2025-12-01:0.30Q0@3820; S-C6@2026-01-05->2026-01-06:0.50Q0@1833
4107,伊勢化学工業,10x-3Y,2023-01-31,2023-02-01,524,2026-08-28,4340,2024-06-28,2024-07-01,2466,2026-01-30,2026-02-02,6120,,,,,0.500000,4.445038,4.141221,8.586260,758.63,8.282443,728.24,30.38,,,S-D1@2024-06-28->2024-07-01:0.20Q0@2466; S-D2@2026-01-30->2026-02-02:0.30Q0@6120
3110,日東紡績,10x-3Y,2023-02-28,2023-03-01,420,2026-08-28,3035,2025-11-28,2025-12-01,2722,2026-02-27,2026-03-02,5026,S-C6,2026-03-02,2026-03-03,4666,0.000000,10.440952,0.000000,10.440952,944.10,7.226190,622.62,321.48,,,S-D1@2025-11-28->2025-12-01:0.20Q0@2722; S-D2@2026-02-27->2026-03-02:0.30Q0@5026; S-C6@2026-03-02->2026-03-03:0.50Q0@4666
5706,三井金属,10x-3Y,2023-02-28,2023-03-01,3430,2026-08-28,29000,2025-11-28,2025-12-01,16620,2026-02-27,2026-03-02,38680,S-C6,2026-03-02,2026-03-03,36130,0.000000,9.618950,0.000000,9.618950,861.90,8.454810,745.48,116.41,,,S-D1@2025-11-28->2025-12-01:0.20Q0@16620; S-D2@2026-02-27->2026-03-02:0.30Q0@38680; S-C6@2026-03-02->2026-03-03:0.50Q0@36130
5801,古河電気工業,10x-3Y,2023-02-28,2023-03-01,241.300003,2026-08-28,3903,2026-01-30,2026-02-02,1309.5,2026-02-27,2026-03-02,2982,S-C6,2026-03-02,2026-03-03,2923,0.000000,10.849565,0.000000,10.849565,984.96,16.174886,1517.49,-532.53,,,S-D1@2026-01-30->2026-02-02:0.20Q0@1309.5; S-D2@2026-02-27->2026-03-02:0.30Q0@2982; S-C6@2026-03-02->2026-03-03:0.50Q0@2923
6085,アーキテクツ・スタジオ・ジャパン,10x-3Y,2023-02-28,2023-03-01,16.933332,2026-08-28,225,2026-02-27,2026-03-02,239.100006,2026-02-27,2026-03-02,239.100006,S-C6,2026-03-02,2026-03-03,289.100006,0.000000,15.596458,0.000000,15.596458,1459.65,13.287403,1228.74,230.91,,,S-D1@2026-02-27->2026-03-02:0.20Q0@239.100006; S-D2@2026-02-27->2026-03-02:0.30Q0@239.100006; S-C6@2026-03-02->2026-03-03:0.50Q0@289.100006
6227,ＡＩメカテック,10x-3Y,2023-02-28,2023-03-01,478,2026-08-28,6250,2026-01-30,2026-02-02,2776.666748,2026-02-27,2026-03-02,6326.666504,,,,,0.500000,5.132496,6.537657,11.670153,1067.02,13.075314,1207.53,-140.52,,,S-D1@2026-01-30->2026-02-02:0.20Q0@2776.666748; S-D2@2026-02-27->2026-03-02:0.30Q0@6326.666504
6834,精工技研,10x-3Y,2023-02-28,2023-03-01,367.200012,2026-08-28,5200,2025-09-30,2025-10-01,1782,2026-02-27,2026-03-02,4782,,,,,0.500000,4.877451,7.080610,11.958061,1095.81,14.161220,1316.12,-220.32,,,S-D1@2025-09-30->2025-10-01:0.20Q0@1782; S-D2@2026-02-27->2026-03-02:0.30Q0@4782
7011,三菱重工業,10x-3Y,2023-02-28,2023-03-01,500.600006,2026-08-28,4025,2025-03-31,2025-04-01,2504,2026-02-27,2026-03-02,5195,S-C6,2026-03-02,2026-03-03,4922,0.000000,9.029764,0.000000,9.029764,802.98,8.040351,704.04,98.94,,,S-D1@2025-03-31->2025-04-01:0.20Q0@2504; S-D2@2026-02-27->2026-03-02:0.30Q0@5195; S-C6@2026-03-02->2026-03-03:0.50Q0@4922
6231,木村工機,10x-3Y,2023-03-31,2023-04-03,1542,2026-08-28,13090,2025-02-28,2025-03-03,8030,2026-02-27,2026-03-02,14930,S-C6,2026-04-03,2026-04-06,13380,0.000000,8.284695,0.000000,8.284695,728.47,8.488975,748.90,-20.43,,,S-D1@2025-02-28->2025-03-03:0.20Q0@8030; S-D2@2026-02-27->2026-03-02:0.30Q0@14930; S-C6@2026-04-03->2026-04-06:0.50Q0@13380
3103,ユニチカ,10x-3Y,2023-04-28,2023-05-01,217,2026-08-28,1686,2026-02-27,2026-03-02,1951,2026-04-30,2026-05-01,2382,S-C6,2026-05-01,2026-05-07,2535,0.000000,10.932258,0.000000,10.932258,993.23,7.769585,676.96,316.27,,,S-D1@2026-02-27->2026-03-02:0.20Q0@1951; S-D2@2026-04-30->2026-05-01:0.30Q0@2382; S-C6@2026-05-01->2026-05-07:0.50Q0@2535
6777,ｓａｎｔｅｃ　Ｈｏｌｄｉｎｇｓ,10x-3Y,2023-04-28,2023-05-01,2357,2026-08-28,19140,2026-02-27,2026-03-02,22260,2026-04-30,2026-05-01,27830,,,,,0.500000,5.431056,4.060246,9.491303,849.13,8.120492,712.05,137.08,,,S-D1@2026-02-27->2026-03-02:0.20Q0@22260; S-D2@2026-04-30->2026-05-01:0.30Q0@27830
6787,メイコー,10x-3Y,2023-04-28,2023-05-01,2748,2026-08-28,18760,2026-02-27,2026-03-02,25510,2026-04-30,2026-05-01,29740,,,,,0.500000,5.103348,3.413392,8.516739,751.67,6.826783,582.68,169.00,,,S-D1@2026-02-27->2026-03-02:0.20Q0@25510; S-D2@2026-04-30->2026-05-01:0.30Q0@29740
6871,日本マイクロニクス,10x-3Y,2023-04-28,2023-05-01,1239,2026-08-28,13020,2024-02-29,2024-03-01,7930,2026-04-30,2026-05-01,12560,S-C6,2026-05-01,2026-05-07,14080,0.000000,10.003228,0.000000,10.003228,900.32,10.508475,950.85,-50.52,,,S-D1@2024-02-29->2024-03-01:0.20Q0@7930; S-D2@2026-04-30->2026-05-01:0.30Q0@12560; S-C6@2026-05-01->2026-05-07:0.50Q0@14080
1948,弘電社,10x-3Y,2023-05-31,2023-06-01,872,2026-08-28,11430,2025-12-30,2026-01-05,5130,2026-05-29,2026-06-01,11460,S-C6,2026-06-01,2026-06-02,11470,0.000000,11.696101,0.000000,11.696101,1069.61,13.107798,1210.78,-141.17,,,S-D1@2025-12-30->2026-01-05:0.20Q0@5130; S-D2@2026-05-29->2026-06-01:0.30Q0@11460; S-C6@2026-06-01->2026-06-02:0.50Q0@11470
6072,地盤ネットホールディングス,10x-3Y,2023-05-31,2023-06-01,142,2026-08-28,1072,2026-02-27,2026-03-02,1035,2026-05-29,2026-06-01,1620,S-C6,2026-06-01,2026-06-02,1600,0.000000,10.514085,0.000000,10.514085,951.41,7.549296,654.93,296.48,,,S-D1@2026-02-27->2026-03-02:0.20Q0@1035; S-D2@2026-05-29->2026-06-01:0.30Q0@1620; S-C6@2026-06-01->2026-06-02:0.50Q0@1600
6330,東洋エンジニアリング,10x-3Y,2023-05-31,2023-06-01,523,2026-08-28,2781,2025-11-28,2025-12-01,2633,2026-01-30,2026-02-02,6000,S-D4,2026-03-31,2026-04-01,2702,0.000000,7.031740,0.000000,7.031740,603.17,5.317400,431.74,171.43,,,S-D1@2025-11-28->2025-12-01:0.20Q0@2633; S-D2@2026-01-30->2026-02-02:0.30Q0@6000; S-D4@2026-03-31->2026-04-01:0.50Q0@2702
6327,北川精機,10x-3Y,2023-07-31,2023-08-01,756,2026-08-28,3175,,,,,,,S-C5,2025-08-21,2025-08-22,722,0.000000,0.955026,0.000000,0.955026,-4.50,4.199735,319.97,-324.47,,,S-C5@2025-08-21->2025-08-22:1.00Q0@722
2334,イオレ,10x-2Y,2024-06-28,2024-07-01,66.900002,2026-08-28,574,2025-07-31,2025-08-01,383.5,2025-08-29,2025-09-01,770,S-D4,2025-10-31,2025-11-04,379.5,0.000000,7.435725,0.000000,7.435725,643.57,8.579970,758.00,-114.42,,,S-D1@2025-07-31->2025-08-01:0.20Q0@383.5; S-D2@2025-08-29->2025-09-01:0.30Q0@770; S-D4@2025-10-31->2025-11-04:0.50Q0@379.5
